#options: 1280x720 fps=24/1 timebase=1/24 bitdepth=8 cabac=1 ref=1 deblock=1:0:0 analyse=0x1:0 me=dia subme=2 psy=1 psy_rd=1.00:0.00 mixed_ref=0 me_range=16 chroma_me=1 trellis=0 8x8dct=0 cqm=0 deadzone=21,11 fast_pskip=1 chroma_qp_offset=0 threads=22 lookahead_threads=5 sliced_threads=0 nr=0 decimate=1 interlaced=0 bluray_compat=0 constrained_intra=0 bframes=3 b_pyramid=2 b_adapt=1 b_bias=0 direct=1 weightb=1 open_gop=0 weightp=2 keyint=250 keyint_min=24 scenecut=40 intra_refresh=0 rc_lookahead=40 rc=abr mbtree=1 bitrate=1500 ratetol=1.0 qcomp=0.60 qpmin=0 qpmax=69 qpstep=4 ip_ratio=1.40 aq=1:1.00
in:0 out:0 type:I dur:2 cpbdur:2 q:29.76 aq:27.02 tex:378422 mv:136332 misc:6174 imb:3600 pmb:0 smb:0 d:- ref:;
in:4 out:1 type:P dur:2 cpbdur:2 q:31.91 aq:30.47 tex:283081 mv:22853 misc:1106 imb:867 pmb:2101 smb:632 d:- ref:0 ;
in:2 out:2 type:B dur:2 cpbdur:2 q:31.91 aq:30.97 tex:177167 mv:20777 misc:1720 imb:197 pmb:2641 smb:762 d:- ref:0 ;
in:1 out:3 type:b dur:2 cpbdur:2 q:31.91 aq:32.09 tex:190020 mv:23898 misc:1338 imb:1303 pmb:1160 smb:1137 d:- ref:0 ;
in:3 out:4 type:b dur:2 cpbdur:2 q:31.91 aq:34.19 tex:91408 mv:15123 misc:2205 imb:70 pmb:2059 smb:1471 d:- ref:0 ;
in:8 out:5 type:P dur:2 cpbdur:2 q:32.95 aq:30.97 tex:248468 mv:24992 misc:1116 imb:1066 pmb:1971 smb:563 d:- ref:0 w:7,121,2,5,31,4,32,0 ;
in:6 out:6 type:B dur:2 cpbdur:2 q:32.43 aq:32.64 tex:235952 mv:32046 misc:1314 imb:865 pmb:1934 smb:801 d:- ref:0 ;
in:5 out:7 type:b dur:2 cpbdur:2 q:32.17 aq:34.27 tex:106478 mv:20106 misc:1704 imb:59 pmb:2337 smb:1204 d:- ref:0 ;
in:7 out:8 type:b dur:2 cpbdur:2 q:32.69 aq:33.91 tex:204254 mv:30488 misc:970 imb:1337 pmb:1379 smb:884 d:- ref:0 ;
in:12 out:9 type:P dur:2 cpbdur:2 q:33.75 aq:30.60 tex:218000 mv:26547 misc:453 imb:1821 pmb:1765 smb:14 d:- ref:0 w:7,95,5 ;
in:10 out:10 type:B dur:2 cpbdur:2 q:33.35 aq:33.20 tex:186589 mv:23066 misc:1641 imb:211 pmb:2421 smb:968 d:- ref:0 ;
in:9 out:11 type:b dur:2 cpbdur:2 q:33.15 aq:34.62 tex:112145 mv:15392 misc:2007 imb:161 pmb:2122 smb:1317 d:- ref:0 ;
in:11 out:12 type:b dur:2 cpbdur:2 q:33.55 aq:34.86 tex:54053 mv:9363 misc:2616 imb:19 pmb:1601 smb:1980 d:- ref:0 ;
in:16 out:13 type:P dur:2 cpbdur:2 q:34.42 aq:33.51 tex:203994 mv:26747 misc:475 imb:1835 pmb:1750 smb:15 d:- ref:0 w:6,89,-6 ;
in:14 out:14 type:B dur:2 cpbdur:2 q:34.09 aq:35.13 tex:88561 mv:15573 misc:2058 imb:53 pmb:2312 smb:1235 d:- ref:0 ;
in:13 out:15 type:b dur:2 cpbdur:2 q:33.92 aq:34.37 tex:21412 mv:8122 misc:2922 imb:46 pmb:1260 smb:2294 d:- ref:0 ;
in:15 out:16 type:b dur:2 cpbdur:2 q:34.26 aq:35.53 tex:160285 mv:27392 misc:1323 imb:752 pmb:1853 smb:995 d:- ref:0 ;
in:18 out:17 type:P dur:2 cpbdur:2 q:34.99 aq:35.59 tex:171859 mv:16636 misc:1033 imb:2326 pmb:531 smb:743 d:- ref:0 ;
in:17 out:18 type:b dur:2 cpbdur:2 q:34.71 aq:36.52 tex:124776 mv:27467 misc:1237 imb:458 pmb:2131 smb:1011 d:- ref:0 ;
in:19 out:19 type:i dur:2 cpbdur:2 q:30.54 aq:28.95 tex:256116 mv:120925 misc:231 imb:3600 pmb:0 smb:0 d:- ref:;
in:20 out:20 type:P dur:2 cpbdur:2 q:35.76 aq:36.65 tex:124715 mv:13939 misc:1378 imb:1110 pmb:1164 smb:1326 d:- ref:0 ;
in:21 out:21 type:i dur:2 cpbdur:2 q:30.71 aq:29.78 tex:241547 mv:130553 misc:204 imb:3600 pmb:0 smb:0 d:- ref:;
in:24 out:22 type:P dur:2 cpbdur:2 q:43.76 aq:44.96 tex:36540 mv:10857 misc:1499 imb:2123 pmb:373 smb:1104 d:- ref:0 ;
in:22 out:23 type:B dur:2 cpbdur:2 q:43.76 aq:45.27 tex:10262 mv:9288 misc:2890 imb:351 pmb:791 smb:2458 d:- ref:0 ;
in:23 out:24 type:b dur:2 cpbdur:2 q:43.76 aq:45.98 tex:10815 mv:8470 misc:2875 imb:310 pmb:910 smb:2380 d:- ref:0 ;
in:25 out:25 type:I dur:2 cpbdur:2 q:32.71 aq:30.57 tex:215382 mv:124391 misc:555 imb:3600 pmb:0 smb:0 d:- ref:;
in:29 out:26 type:P dur:2 cpbdur:2 q:48.57 aq:48.64 tex:6548 mv:4556 misc:2520 imb:611 pmb:251 smb:2738 d:- ref:0 w:7,125,-2 ;
in:27 out:27 type:B dur:2 cpbdur:2 q:48.57 aq:49.69 tex:884 mv:2584 misc:1492 imb:55 pmb:221 smb:3324 d:- ref:0 ;
in:26 out:28 type:b dur:2 cpbdur:2 q:48.57 aq:50.90 tex:1139 mv:1981 misc:1240 imb:86 pmb:131 smb:3383 d:- ref:0 ;
in:28 out:29 type:b dur:2 cpbdur:2 q:48.57 aq:50.55 tex:768 mv:1451 misc:1109 imb:40 pmb:130 smb:3430 d:- ref:0 ;
in:33 out:30 type:P dur:2 cpbdur:2 q:49.08 aq:50.10 tex:12881 mv:5736 misc:2775 imb:1251 pmb:205 smb:2144 d:- ref:0 ;
in:31 out:31 type:B dur:2 cpbdur:2 q:48.82 aq:48.20 tex:13236 mv:12493 misc:1839 imb:1816 pmb:184 smb:1600 d:- ref:0 ;
in:30 out:32 type:b dur:2 cpbdur:2 q:48.70 aq:47.17 tex:1646 mv:1578 misc:1320 imb:56 pmb:185 smb:3359 d:- ref:0 ;
in:32 out:33 type:b dur:2 cpbdur:2 q:48.95 aq:50.98 tex:1402 mv:1295 misc:1399 imb:27 pmb:224 smb:3349 d:- ref:0 ;
in:37 out:34 type:P dur:2 cpbdur:2 q:48.73 aq:46.34 tex:21147 mv:7502 misc:3247 imb:1563 pmb:302 smb:1735 d:- ref:0 w:6,53,0 ;
in:35 out:35 type:B dur:2 cpbdur:2 q:48.90 aq:49.62 tex:3702 mv:3621 misc:2493 imb:55 pmb:626 smb:2919 d:- ref:0 ;
in:34 out:36 type:b dur:2 cpbdur:2 q:48.99 aq:50.88 tex:1060 mv:1072 misc:1588 imb:18 pmb:311 smb:3271 d:- ref:0 ;
in:36 out:37 type:b dur:2 cpbdur:2 q:48.81 aq:50.13 tex:1050 mv:592 misc:1038 imb:3 pmb:149 smb:3448 d:- ref:0 ;
in:41 out:38 type:P dur:2 cpbdur:2 q:48.42 aq:44.79 tex:12137 mv:5235 misc:3076 imb:1018 pmb:228 smb:2354 d:- ref:0 w:6,49,5 ;
in:39 out:39 type:B dur:2 cpbdur:2 q:48.57 aq:48.59 tex:4315 mv:4064 misc:2493 imb:82 pmb:625 smb:2893 d:- ref:0 ;
in:38 out:40 type:b dur:2 cpbdur:2 q:48.65 aq:47.45 tex:3946 mv:3152 misc:1550 imb:249 pmb:236 smb:3115 d:- ref:0 ;
in:40 out:41 type:b dur:2 cpbdur:2 q:48.49 aq:49.74 tex:871 mv:473 misc:928 imb:10 pmb:120 smb:3470 d:- ref:0 ;
in:43 out:42 type:P dur:2 cpbdur:2 q:48.14 aq:45.58 tex:12659 mv:5003 misc:3058 imb:827 pmb:309 smb:2464 d:- ref:0 ;
in:42 out:43 type:b dur:2 cpbdur:2 q:48.28 aq:45.09 tex:1431 mv:1723 misc:1094 imb:161 pmb:81 smb:3358 d:- ref:0 ;
in:47 out:44 type:P dur:2 cpbdur:2 q:47.72 aq:46.97 tex:11316 mv:4819 misc:2713 imb:917 pmb:201 smb:2482 d:- ref:0 ;
in:45 out:45 type:B dur:2 cpbdur:2 q:47.93 aq:47.20 tex:17907 mv:9853 misc:2920 imb:535 pmb:1071 smb:1994 d:- ref:0 ;
in:44 out:46 type:b dur:2 cpbdur:2 q:48.03 aq:49.43 tex:1882 mv:2897 misc:1933 imb:28 pmb:439 smb:3133 d:- ref:0 ;
in:46 out:47 type:b dur:2 cpbdur:2 q:47.83 aq:50.42 tex:2766 mv:2906 misc:2384 imb:36 pmb:606 smb:2958 d:- ref:0 ;
in:48 out:48 type:P dur:2 cpbdur:2 q:46.85 aq:45.84 tex:22463 mv:7203 misc:2702 imb:1994 pmb:192 smb:1414 d:- ref:0 ;
in:49 out:49 type:P dur:2 cpbdur:2 q:46.51 aq:47.03 tex:18313 mv:5961 misc:2510 imb:1559 pmb:213 smb:1828 d:- ref:0 ;
in:50 out:50 type:P dur:2 cpbdur:2 q:46.20 aq:46.85 tex:15345 mv:6754 misc:3189 imb:1195 pmb:334 smb:2071 d:- ref:0 ;
in:51 out:51 type:P dur:2 cpbdur:2 q:45.87 aq:46.40 tex:13120 mv:6005 misc:3187 imb:900 pmb:379 smb:2321 d:- ref:0 ;
in:52 out:52 type:P dur:2 cpbdur:2 q:45.72 aq:50.16 tex:119198 mv:11117 misc:1141 imb:2723 pmb:452 smb:425 d:- ref:0 ;
in:53 out:53 type:P dur:2 cpbdur:2 q:45.73 aq:49.37 tex:94316 mv:12602 misc:2362 imb:2122 pmb:648 smb:830 d:- ref:0 w:7,123,4,6,63,1,64,0 ;
in:54 out:54 type:P dur:2 cpbdur:2 q:45.48 aq:49.20 tex:103388 mv:13004 misc:2232 imb:2130 pmb:629 smb:841 d:- ref:0 ;
in:55 out:55 type:P dur:2 cpbdur:2 q:45.25 aq:49.91 tex:105755 mv:12976 misc:2333 imb:1605 pmb:1076 smb:919 d:- ref:0 ;
in:56 out:56 type:P dur:2 cpbdur:2 q:45.29 aq:48.86 tex:104384 mv:13460 misc:2244 imb:2121 pmb:707 smb:772 d:- ref:0 w:6,59,7,5,32,0,25,28 ;
in:57 out:57 type:P dur:2 cpbdur:2 q:45.12 aq:49.31 tex:96069 mv:13125 misc:2390 imb:1727 pmb:933 smb:940 d:- ref:0 w:6,63,1 ;
in:58 out:58 type:P dur:2 cpbdur:2 q:44.90 aq:48.68 tex:108744 mv:14464 misc:2192 imb:1908 pmb:940 smb:752 d:- ref:0 ;
in:59 out:59 type:I dur:2 cpbdur:2 q:42.42 aq:44.91 tex:247926 mv:39438 misc:524 imb:3600 pmb:0 smb:0 d:- ref:;
in:61 out:60 type:P dur:2 cpbdur:2 q:44.75 aq:49.36 tex:147373 mv:14380 misc:1407 imb:2610 pmb:568 smb:422 d:- ref:0 ;
in:60 out:61 type:b dur:2 cpbdur:2 q:44.75 aq:48.92 tex:45634 mv:13889 misc:3405 imb:393 pmb:1567 smb:1640 d:- ref:0 ;
in:62 out:62 type:P dur:2 cpbdur:2 q:44.44 aq:48.00 tex:146173 mv:13593 misc:1546 imb:2719 pmb:474 smb:407 d:- ref:0 w:7,123,6 ;
in:63 out:63 type:i dur:2 cpbdur:2 q:42.32 aq:45.03 tex:236659 mv:34290 misc:235 imb:3600 pmb:0 smb:0 d:- ref:w:7,123,6 ;
in:64 out:64 type:P dur:2 cpbdur:2 q:44.33 aq:48.61 tex:121443 mv:14552 misc:1949 imb:2035 pmb:866 smb:699 d:- ref:0 ;
in:65 out:65 type:P dur:2 cpbdur:2 q:44.16 aq:48.25 tex:157878 mv:12729 misc:1201 imb:2876 pmb:386 smb:338 d:- ref:0 ;
in:66 out:66 type:P dur:2 cpbdur:2 q:44.11 aq:48.21 tex:161136 mv:13919 misc:1345 imb:2679 pmb:547 smb:374 d:- ref:0 ;
in:67 out:67 type:i dur:2 cpbdur:2 q:42.17 aq:44.81 tex:264137 mv:43719 misc:248 imb:3600 pmb:0 smb:0 d:- ref:;
in:69 out:68 type:P dur:2 cpbdur:2 q:44.19 aq:46.42 tex:124756 mv:15224 misc:1644 imb:2430 pmb:718 smb:452 d:- ref:0 w:7,123,7 ;
in:68 out:69 type:b dur:2 cpbdur:2 q:44.19 aq:48.88 tex:53740 mv:13001 misc:3139 imb:337 pmb:1774 smb:1489 d:- ref:0 ;
in:70 out:70 type:P dur:2 cpbdur:2 q:44.04 aq:48.08 tex:152972 mv:14622 misc:1430 imb:2450 pmb:743 smb:407 d:- ref:0 ;
in:71 out:71 type:i dur:2 cpbdur:2 q:42.03 aq:45.12 tex:255485 mv:42817 misc:226 imb:3600 pmb:0 smb:0 d:- ref:;
in:72 out:72 type:P dur:2 cpbdur:2 q:44.14 aq:48.17 tex:107184 mv:14771 misc:2165 imb:1684 pmb:1162 smb:754 d:- ref:0 ;
in:73 out:73 type:i dur:2 cpbdur:2 q:41.99 aq:44.27 tex:250317 mv:41873 misc:218 imb:3600 pmb:0 smb:0 d:- ref:;
in:75 out:74 type:P dur:2 cpbdur:2 q:44.73 aq:47.28 tex:107275 mv:14072 misc:1669 imb:2569 pmb:569 smb:462 d:- ref:0 w:4,17,8 ;
in:74 out:75 type:b dur:2 cpbdur:2 q:44.73 aq:49.33 tex:30691 mv:8580 misc:3433 imb:165 pmb:1439 smb:1996 d:- ref:0 ;
in:76 out:76 type:i dur:2 cpbdur:2 q:41.97 aq:42.89 tex:236669 mv:43232 misc:219 imb:3600 pmb:0 smb:0 d:- ref:;
in:77 out:77 type:P dur:2 cpbdur:2 q:45.92 aq:45.60 tex:10617 mv:3960 misc:2527 imb:459 pmb:323 smb:2818 d:- ref:0 w:6,45,6 ;
in:79 out:78 type:P dur:2 cpbdur:2 q:46.22 aq:50.35 tex:25340 mv:6728 misc:3060 imb:452 pmb:803 smb:2345 d:- ref:0 ;
in:78 out:79 type:b dur:2 cpbdur:2 q:46.07 aq:49.94 tex:3343 mv:2361 misc:1600 imb:49 pmb:280 smb:3271 d:- ref:0 ;
in:80 out:80 type:P dur:2 cpbdur:2 q:46.70 aq:50.62 tex:76564 mv:9853 misc:1807 imb:2629 pmb:132 smb:839 d:- ref:0 ;
in:81 out:81 type:P dur:2 cpbdur:2 q:47.30 aq:50.55 tex:57102 mv:8546 misc:2336 imb:2030 pmb:233 smb:1337 d:- ref:0 ;
in:82 out:82 type:P dur:2 cpbdur:2 q:47.68 aq:50.70 tex:48870 mv:8210 misc:2592 imb:1609 pmb:348 smb:1643 d:- ref:0 ;
in:83 out:83 type:P dur:2 cpbdur:2 q:47.72 aq:50.89 tex:65495 mv:8836 misc:2549 imb:1874 pmb:362 smb:1364 d:- ref:0 ;
in:84 out:84 type:I dur:2 cpbdur:2 q:42.58 aq:41.56 tex:226975 mv:22272 misc:505 imb:3600 pmb:0 smb:0 d:- ref:;
in:88 out:85 type:P dur:2 cpbdur:2 q:48.60 aq:50.22 tex:25379 mv:7305 misc:2908 imb:671 pmb:571 smb:2358 d:- ref:0 ;
in:86 out:86 type:B dur:2 cpbdur:2 q:48.60 aq:50.92 tex:42763 mv:11843 misc:2850 imb:818 pmb:1006 smb:1776 d:- ref:0 ;
in:85 out:87 type:b dur:2 cpbdur:2 q:48.60 aq:40.42 tex:106 mv:1134 misc:928 imb:9 pmb:128 smb:3463 d:- ref:0 ;
in:87 out:88 type:b dur:2 cpbdur:2 q:48.60 aq:50.96 tex:25725 mv:8274 misc:3273 imb:350 pmb:1152 smb:2098 d:- ref:0 ;
in:90 out:89 type:P dur:2 cpbdur:2 q:49.65 aq:49.75 tex:77263 mv:10930 misc:2007 imb:2582 pmb:273 smb:745 d:- ref:0 w:5,45,10 ;
in:89 out:90 type:b dur:2 cpbdur:2 q:49.13 aq:50.90 tex:29080 mv:9002 misc:3126 imb:264 pmb:1268 smb:2068 d:- ref:0 ;
in:94 out:91 type:P dur:2 cpbdur:2 q:49.82 aq:49.90 tex:63425 mv:10703 misc:2432 imb:1954 pmb:447 smb:1199 d:- ref:0 w:6,59,-1 ;
in:92 out:92 type:B dur:2 cpbdur:2 q:49.74 aq:50.96 tex:37037 mv:10560 misc:3147 imb:377 pmb:1441 smb:1782 d:- ref:0 ;
in:91 out:93 type:b dur:2 cpbdur:2 q:49.70 aq:51.00 tex:51530 mv:11460 misc:2706 imb:548 pmb:1496 smb:1556 d:- ref:0 ;
in:93 out:94 type:b dur:2 cpbdur:2 q:49.78 aq:50.88 tex:23172 mv:6834 misc:3234 imb:120 pmb:1342 smb:2138 d:- ref:0 ;
in:98 out:95 type:P dur:2 cpbdur:2 q:50.69 aq:48.79 tex:35181 mv:7720 misc:3059 imb:1534 pmb:335 smb:1731 d:- ref:0 w:2,3,-5 ;
in:96 out:96 type:B dur:2 cpbdur:2 q:50.25 aq:50.56 tex:24753 mv:8385 misc:3238 imb:170 pmb:1327 smb:2103 d:- ref:0 ;
in:95 out:97 type:b dur:2 cpbdur:2 q:50.03 aq:50.84 tex:20364 mv:6411 misc:3169 imb:89 pmb:1265 smb:2246 d:- ref:0 ;
in:97 out:98 type:b dur:2 cpbdur:2 q:50.47 aq:50.98 tex:11148 mv:4747 misc:3041 imb:17 pmb:1004 smb:2579 d:- ref:0 ;
in:99 out:99 type:P dur:2 cpbdur:2 q:50.76 aq:50.56 tex:5199 mv:2795 misc:2254 imb:171 pmb:355 smb:3074 d:- ref:0 ;
in:100 out:100 type:P dur:2 cpbdur:2 q:50.63 aq:49.23 tex:3011 mv:2042 misc:1691 imb:186 pmb:172 smb:3242 d:- ref:0 w:6,45,6 ;
in:101 out:101 type:P dur:2 cpbdur:2 q:50.46 aq:51.00 tex:84866 mv:9285 misc:1689 imb:2559 pmb:179 smb:862 d:- ref:0 ;
in:102 out:102 type:i dur:2 cpbdur:2 q:45.16 aq:47.33 tex:147355 mv:14030 misc:143 imb:3600 pmb:0 smb:0 d:- ref:;
in:103 out:103 type:P dur:2 cpbdur:2 q:50.61 aq:51.00 tex:43912 mv:8353 misc:3143 imb:707 pmb:1050 smb:1843 d:- ref:0 ;
in:104 out:104 type:i dur:2 cpbdur:2 q:45.29 aq:37.74 tex:26308 mv:12249 misc:179 imb:3600 pmb:0 smb:0 d:- ref:;
in:105 out:105 type:P dur:2 cpbdur:2 q:50.57 aq:48.52 tex:2985 mv:2734 misc:1209 imb:369 pmb:91 smb:3140 d:- ref:0 ;
in:106 out:106 type:P dur:2 cpbdur:2 q:50.71 aq:47.24 tex:2966 mv:3214 misc:1412 imb:491 pmb:102 smb:3007 d:- ref:0 ;
in:107 out:107 type:P dur:2 cpbdur:2 q:50.60 aq:47.23 tex:5455 mv:4422 misc:1731 imb:782 pmb:141 smb:2677 d:- ref:0 ;
in:109 out:108 type:P dur:2 cpbdur:2 q:50.59 aq:45.92 tex:5054 mv:4436 misc:1934 imb:855 pmb:158 smb:2587 d:- ref:0 ;
in:108 out:109 type:b dur:2 cpbdur:2 q:50.60 aq:45.10 tex:1297 mv:3163 misc:1436 imb:170 pmb:215 smb:3215 d:- ref:0 ;
in:111 out:110 type:P dur:2 cpbdur:2 q:50.34 aq:44.11 tex:4482 mv:4800 misc:2014 imb:806 pmb:173 smb:2621 d:- ref:0 ;
in:110 out:111 type:b dur:2 cpbdur:2 q:50.46 aq:47.28 tex:803 mv:1886 misc:1095 imb:76 pmb:158 smb:3366 d:- ref:0 ;
in:112 out:112 type:P dur:2 cpbdur:2 q:50.33 aq:47.36 tex:3532 mv:3777 misc:1851 imb:459 pmb:160 smb:2981 d:- ref:0 ;
in:113 out:113 type:P dur:2 cpbdur:2 q:50.35 aq:45.60 tex:6234 mv:4872 misc:2022 imb:815 pmb:162 smb:2623 d:- ref:0 ;
in:115 out:114 type:P dur:2 cpbdur:2 q:50.32 aq:46.30 tex:6032 mv:5342 misc:2298 imb:775 pmb:200 smb:2625 d:- ref:0 ;
in:114 out:115 type:b dur:2 cpbdur:2 q:50.33 aq:46.44 tex:666 mv:2006 misc:952 imb:109 pmb:109 smb:3382 d:- ref:0 ;
in:117 out:116 type:P dur:2 cpbdur:2 q:50.26 aq:44.48 tex:4804 mv:4536 misc:2268 imb:790 pmb:165 smb:2645 d:- ref:0 ;
in:116 out:117 type:b dur:2 cpbdur:2 q:50.29 aq:47.45 tex:1030 mv:2721 misc:1137 imb:143 pmb:144 smb:3313 d:- ref:0 ;
in:119 out:118 type:P dur:2 cpbdur:2 q:50.14 aq:46.54 tex:4368 mv:4867 misc:2149 imb:655 pmb:190 smb:2755 d:- ref:0 ;
in:118 out:119 type:b dur:2 cpbdur:2 q:50.20 aq:47.70 tex:772 mv:1910 misc:934 imb:96 pmb:96 smb:3408 d:- ref:0 ;
in:120 out:120 type:P dur:2 cpbdur:2 q:49.95 aq:45.97 tex:4866 mv:4434 misc:2084 imb:758 pmb:148 smb:2694 d:- ref:0 ;
in:121 out:121 type:P dur:2 cpbdur:2 q:49.83 aq:44.13 tex:6855 mv:5939 misc:2302 imb:1091 pmb:188 smb:2321 d:- ref:0 ;
in:125 out:122 type:P dur:2 cpbdur:2 q:49.69 aq:44.22 tex:7067 mv:6513 misc:2324 imb:1060 pmb:205 smb:2335 d:- ref:0 ;
in:123 out:123 type:B dur:2 cpbdur:2 q:49.76 aq:46.93 tex:1755 mv:4730 misc:1739 imb:251 pmb:266 smb:3083 d:- ref:0 ;
in:122 out:124 type:b dur:2 cpbdur:2 q:49.80 aq:46.51 tex:543 mv:1789 misc:932 imb:52 pmb:113 smb:3435 d:- ref:0 ;
in:124 out:125 type:b dur:2 cpbdur:2 q:49.73 aq:45.79 tex:575 mv:2077 misc:1060 imb:58 pmb:151 smb:3391 d:- ref:0 ;
in:129 out:126 type:P dur:2 cpbdur:2 q:49.74 aq:44.96 tex:5043 mv:5627 misc:2370 imb:779 pmb:206 smb:2615 d:- ref:0 ;
in:127 out:127 type:B dur:2 cpbdur:2 q:49.72 aq:45.95 tex:1070 mv:3913 misc:1721 imb:128 pmb:295 smb:3177 d:- ref:0 ;
in:126 out:128 type:b dur:2 cpbdur:2 q:49.70 aq:47.28 tex:666 mv:2296 misc:1038 imb:99 pmb:126 smb:3375 d:- ref:0 ;
in:128 out:129 type:b dur:2 cpbdur:2 q:49.73 aq:44.20 tex:70 mv:218 misc:400 imb:1 pmb:32 smb:3567 d:- ref:0 ;
in:131 out:130 type:P dur:2 cpbdur:2 q:49.32 aq:44.55 tex:7749 mv:6103 misc:2244 imb:1173 pmb:174 smb:2253 d:- ref:0 ;
in:130 out:131 type:b dur:2 cpbdur:2 q:49.53 aq:46.83 tex:701 mv:3093 misc:1454 imb:102 pmb:248 smb:3250 d:- ref:0 ;
in:135 out:132 type:P dur:2 cpbdur:2 q:49.09 aq:44.67 tex:11106 mv:7706 misc:2172 imb:1570 pmb:181 smb:1849 d:- ref:0 ;
in:133 out:133 type:B dur:2 cpbdur:2 q:49.21 aq:43.80 tex:2057 mv:5963 misc:2284 imb:239 pmb:439 smb:2922 d:- ref:0 ;
in:132 out:134 type:b dur:2 cpbdur:2 q:49.26 aq:45.26 tex:1396 mv:3787 misc:1801 imb:196 pmb:323 smb:3081 d:- ref:0 ;
in:134 out:135 type:b dur:2 cpbdur:2 q:49.15 aq:46.19 tex:588 mv:1282 misc:858 imb:29 pmb:103 smb:3468 d:- ref:0 ;
in:137 out:136 type:P dur:2 cpbdur:2 q:48.69 aq:44.11 tex:4234 mv:5194 misc:2284 imb:563 pmb:233 smb:2804 d:- ref:0 ;
in:136 out:137 type:b dur:2 cpbdur:2 q:48.89 aq:45.10 tex:663 mv:1679 misc:874 imb:83 pmb:91 smb:3426 d:- ref:0 ;
in:139 out:138 type:P dur:2 cpbdur:2 q:48.46 aq:44.44 tex:9826 mv:6949 misc:1993 imb:1508 pmb:160 smb:1932 d:- ref:0 ;
in:138 out:139 type:b dur:2 cpbdur:2 q:48.57 aq:47.04 tex:1633 mv:4862 misc:1905 imb:233 pmb:302 smb:3065 d:- ref:0 ;
in:141 out:140 type:P dur:2 cpbdur:2 q:48.24 aq:45.17 tex:5873 mv:6389 misc:2354 imb:891 pmb:226 smb:2483 d:- ref:0 ;
in:140 out:141 type:b dur:2 cpbdur:2 q:48.35 aq:41.86 tex:805 mv:2123 misc:1160 imb:72 pmb:151 smb:3377 d:- ref:0 ;
in:143 out:142 type:P dur:2 cpbdur:2 q:48.03 aq:43.55 tex:5982 mv:6434 misc:2504 imb:888 pmb:248 smb:2464 d:- ref:0 ;
in:142 out:143 type:b dur:2 cpbdur:2 q:48.14 aq:43.53 tex:867 mv:2048 misc:965 imb:105 pmb:104 smb:3391 d:- ref:0 ;
in:144 out:144 type:I dur:2 cpbdur:2 q:46.18 aq:38.11 tex:63464 mv:26133 misc:515 imb:3600 pmb:0 smb:0 d:- ref:;
in:148 out:145 type:P dur:2 cpbdur:2 q:47.82 aq:43.17 tex:3220 mv:3394 misc:1370 imb:194 pmb:220 smb:3186 d:- ref:0 ;
in:146 out:146 type:B dur:2 cpbdur:2 q:47.82 aq:42.87 tex:147 mv:383 misc:462 imb:3 pmb:49 smb:3548 d:- ref:0 ;
in:145 out:147 type:b dur:2 cpbdur:2 q:47.82 aq:49.24 tex:29 mv:68 misc:271 imb:0 pmb:7 smb:3593 d:- ref:0 ;
in:147 out:148 type:b dur:2 cpbdur:2 q:47.82 aq:48.67 tex:79 mv:171 misc:318 imb:2 pmb:16 smb:3582 d:- ref:0 ;
in:152 out:149 type:P dur:2 cpbdur:2 q:47.39 aq:43.96 tex:5801 mv:4093 misc:1746 imb:322 pmb:281 smb:2997 d:- ref:0 ;
in:150 out:150 type:B dur:2 cpbdur:2 q:47.61 aq:44.75 tex:352 mv:1155 misc:805 imb:19 pmb:118 smb:3463 d:- ref:0 ;
in:149 out:151 type:b dur:2 cpbdur:2 q:47.71 aq:46.73 tex:96 mv:97 misc:287 imb:1 pmb:11 smb:3588 d:- ref:0 ;
in:151 out:152 type:b dur:2 cpbdur:2 q:47.50 aq:48.11 tex:117 mv:310 misc:357 imb:6 pmb:25 smb:3569 d:- ref:0 ;
in:156 out:153 type:P dur:2 cpbdur:2 q:46.97 aq:41.16 tex:7718 mv:4992 misc:1842 imb:538 pmb:262 smb:2800 d:- ref:0 ;
in:154 out:154 type:B dur:2 cpbdur:2 q:47.18 aq:45.49 tex:1053 mv:1626 misc:921 imb:25 pmb:162 smb:3413 d:- ref:0 ;
in:153 out:155 type:b dur:2 cpbdur:2 q:47.29 aq:50.16 tex:326 mv:326 misc:420 imb:11 pmb:30 smb:3559 d:- ref:0 ;
in:155 out:156 type:b dur:2 cpbdur:2 q:47.08 aq:37.35 tex:72 mv:153 misc:303 imb:1 pmb:13 smb:3586 d:- ref:0 ;
in:160 out:157 type:P dur:2 cpbdur:2 q:46.56 aq:41.78 tex:6373 mv:4567 misc:1684 imb:382 pmb:265 smb:2953 d:- ref:0 ;
in:158 out:158 type:B dur:2 cpbdur:2 q:46.77 aq:47.50 tex:851 mv:1618 misc:931 imb:34 pmb:142 smb:3424 d:- ref:0 ;
in:157 out:159 type:b dur:2 cpbdur:2 q:46.87 aq:49.55 tex:301 mv:391 misc:508 imb:6 pmb:51 smb:3543 d:- ref:0 ;
in:159 out:160 type:b dur:2 cpbdur:2 q:46.66 aq:48.58 tex:124 mv:214 misc:374 imb:3 pmb:24 smb:3573 d:- ref:0 ;
in:164 out:161 type:P dur:2 cpbdur:2 q:46.18 aq:41.05 tex:6592 mv:4486 misc:1802 imb:310 pmb:311 smb:2979 d:- ref:0 ;
in:162 out:162 type:B dur:2 cpbdur:2 q:46.37 aq:46.58 tex:1091 mv:1204 misc:961 imb:19 pmb:161 smb:3420 d:- ref:0 ;
in:161 out:163 type:b dur:2 cpbdur:2 q:46.47 aq:48.26 tex:106 mv:158 misc:352 imb:2 pmb:19 smb:3579 d:- ref:0 ;
in:163 out:164 type:b dur:2 cpbdur:2 q:46.28 aq:48.09 tex:231 mv:257 misc:376 imb:1 pmb:26 smb:3573 d:- ref:0 ;
in:168 out:165 type:P dur:2 cpbdur:2 q:45.79 aq:42.45 tex:4672 mv:3769 misc:1495 imb:242 pmb:251 smb:3107 d:- ref:0 ;
in:166 out:166 type:B dur:2 cpbdur:2 q:45.99 aq:43.23 tex:498 mv:999 misc:823 imb:17 pmb:111 smb:3472 d:- ref:0 ;
in:165 out:167 type:b dur:2 cpbdur:2 q:46.08 aq:49.45 tex:203 mv:189 misc:384 imb:1 pmb:30 smb:3569 d:- ref:0 ;
in:167 out:168 type:b dur:2 cpbdur:2 q:45.89 aq:46.47 tex:50 mv:99 misc:339 imb:0 pmb:17 smb:3583 d:- ref:0 ;
in:172 out:169 type:P dur:2 cpbdur:2 q:45.41 aq:39.44 tex:11624 mv:6815 misc:1993 imb:802 pmb:307 smb:2491 d:- ref:0 ;
in:170 out:170 type:B dur:2 cpbdur:2 q:45.60 aq:45.24 tex:1920 mv:2392 misc:1224 imb:95 pmb:224 smb:3281 d:- ref:0 ;
in:169 out:171 type:b dur:2 cpbdur:2 q:45.70 aq:46.53 tex:620 mv:1099 misc:745 imb:20 pmb:129 smb:3451 d:- ref:0 ;
in:171 out:172 type:b dur:2 cpbdur:2 q:45.51 aq:45.33 tex:473 mv:836 misc:651 imb:26 pmb:84 smb:3490 d:- ref:0 ;
in:176 out:173 type:P dur:2 cpbdur:2 q:44.93 aq:40.24 tex:9025 mv:5708 misc:2091 imb:479 pmb:348 smb:2773 d:- ref:0 ;
in:174 out:174 type:B dur:2 cpbdur:2 q:45.17 aq:44.68 tex:866 mv:1589 misc:953 imb:28 pmb:152 smb:3420 d:- ref:0 ;
in:173 out:175 type:b dur:2 cpbdur:2 q:45.29 aq:44.02 tex:478 mv:732 misc:574 imb:14 pmb:71 smb:3515 d:- ref:0 ;
in:175 out:176 type:b dur:2 cpbdur:2 q:45.05 aq:34.42 tex:207 mv:500 misc:485 imb:8 pmb:48 smb:3544 d:- ref:0 ;
in:180 out:177 type:P dur:2 cpbdur:2 q:44.49 aq:40.67 tex:5353 mv:3983 misc:1488 imb:298 pmb:257 smb:3045 d:- ref:0 ;
in:178 out:178 type:B dur:2 cpbdur:2 q:44.71 aq:40.43 tex:1229 mv:1759 misc:1036 imb:30 pmb:176 smb:3394 d:- ref:0 ;
in:177 out:179 type:b dur:2 cpbdur:2 q:44.82 aq:39.89 tex:117 mv:230 misc:373 imb:2 pmb:23 smb:3575 d:- ref:0 ;
in:179 out:180 type:b dur:2 cpbdur:2 q:44.60 aq:46.17 tex:276 mv:439 misc:549 imb:5 pmb:59 smb:3536 d:- ref:0 ;
in:181 out:181 type:P dur:2 cpbdur:2 q:44.04 aq:42.40 tex:807 mv:794 misc:711 imb:31 pmb:77 smb:3492 d:- ref:0 ;
in:182 out:182 type:I dur:2 cpbdur:2 q:43.29 aq:33.26 tex:80076 mv:34747 misc:497 imb:3600 pmb:0 smb:0 d:- ref:;
in:186 out:183 type:P dur:2 cpbdur:2 q:43.93 aq:41.53 tex:46807 mv:11838 misc:2019 imb:618 pmb:847 smb:2135 d:- ref:0 ;
in:184 out:184 type:B dur:2 cpbdur:2 q:43.93 aq:45.64 tex:12468 mv:10296 misc:2220 imb:66 pmb:910 smb:2624 d:- ref:0 ;
in:183 out:185 type:b dur:2 cpbdur:2 q:43.93 aq:48.23 tex:5402 mv:6633 misc:1941 imb:27 pmb:632 smb:2941 d:- ref:0 ;
in:185 out:186 type:b dur:2 cpbdur:2 q:43.93 aq:46.58 tex:4771 mv:4875 misc:1938 imb:28 pmb:578 smb:2994 d:- ref:0 ;
in:190 out:187 type:P dur:2 cpbdur:2 q:43.53 aq:41.60 tex:49946 mv:12518 misc:2000 imb:658 pmb:916 smb:2026 d:- ref:0 ;
in:188 out:188 type:B dur:2 cpbdur:2 q:43.73 aq:45.26 tex:12180 mv:9669 misc:2175 imb:67 pmb:853 smb:2680 d:- ref:0 ;
in:187 out:189 type:b dur:2 cpbdur:2 q:43.83 aq:47.50 tex:3583 mv:5141 misc:1868 imb:15 pmb:558 smb:3027 d:- ref:0 ;
in:189 out:190 type:b dur:2 cpbdur:2 q:43.63 aq:47.29 tex:4771 mv:5159 misc:2062 imb:28 pmb:608 smb:2964 d:- ref:0 ;
in:194 out:191 type:P dur:2 cpbdur:2 q:43.16 aq:40.93 tex:45438 mv:12192 misc:2234 imb:616 pmb:917 smb:2067 d:- ref:0 ;
in:192 out:192 type:B dur:2 cpbdur:2 q:43.35 aq:44.41 tex:12771 mv:10074 misc:2291 imb:71 pmb:866 smb:2663 d:- ref:0 ;
in:191 out:193 type:b dur:2 cpbdur:2 q:43.44 aq:46.81 tex:4410 mv:5622 misc:1992 imb:16 pmb:565 smb:3019 d:- ref:0 ;
in:193 out:194 type:b dur:2 cpbdur:2 q:43.25 aq:46.72 tex:6752 mv:6668 misc:2164 imb:29 pmb:636 smb:2935 d:- ref:0 ;
in:198 out:195 type:P dur:2 cpbdur:2 q:42.80 aq:38.39 tex:53086 mv:12976 misc:2154 imb:750 pmb:924 smb:1926 d:- ref:0 ;
in:196 out:196 type:B dur:2 cpbdur:2 q:42.98 aq:44.35 tex:17275 mv:11480 misc:2405 imb:89 pmb:978 smb:2533 d:- ref:0 ;
in:195 out:197 type:b dur:2 cpbdur:2 q:43.07 aq:46.96 tex:6286 mv:6941 misc:2045 imb:16 pmb:651 smb:2933 d:- ref:0 ;
in:197 out:198 type:b dur:2 cpbdur:2 q:42.89 aq:46.63 tex:7589 mv:7048 misc:2067 imb:35 pmb:683 smb:2882 d:- ref:0 ;
in:202 out:199 type:P dur:2 cpbdur:2 q:42.45 aq:39.33 tex:57884 mv:13621 misc:2079 imb:703 pmb:970 smb:1927 d:- ref:0 ;
in:200 out:200 type:B dur:2 cpbdur:2 q:42.63 aq:43.60 tex:19318 mv:12002 misc:2432 imb:84 pmb:1046 smb:2470 d:- ref:0 ;
in:199 out:201 type:b dur:2 cpbdur:2 q:42.72 aq:46.14 tex:8424 mv:8219 misc:2165 imb:35 pmb:744 smb:2821 d:- ref:0 ;
in:201 out:202 type:b dur:2 cpbdur:2 q:42.54 aq:46.13 tex:8250 mv:7827 misc:2091 imb:33 pmb:685 smb:2882 d:- ref:0 ;
in:206 out:203 type:P dur:2 cpbdur:2 q:42.10 aq:37.77 tex:65869 mv:14456 misc:1995 imb:815 pmb:978 smb:1807 d:- ref:0 ;
in:204 out:204 type:B dur:2 cpbdur:2 q:42.27 aq:43.35 tex:22051 mv:13084 misc:2393 imb:100 pmb:1049 smb:2451 d:- ref:0 ;
in:203 out:205 type:b dur:2 cpbdur:2 q:42.36 aq:46.32 tex:10114 mv:8174 misc:2168 imb:33 pmb:763 smb:2804 d:- ref:0 ;
in:205 out:206 type:b dur:2 cpbdur:2 q:42.19 aq:45.68 tex:11328 mv:8141 misc:2123 imb:34 pmb:753 smb:2813 d:- ref:0 ;
in:210 out:207 type:P dur:2 cpbdur:2 q:41.97 aq:37.97 tex:59100 mv:13969 misc:2227 imb:714 pmb:929 smb:1957 d:- ref:0 ;
in:208 out:208 type:B dur:2 cpbdur:2 q:42.03 aq:42.59 tex:25249 mv:13735 misc:2208 imb:135 pmb:1045 smb:2420 d:- ref:0 ;
in:207 out:209 type:b dur:2 cpbdur:2 q:42.07 aq:45.02 tex:12964 mv:9007 misc:2101 imb:30 pmb:802 smb:2768 d:- ref:0 ;
in:209 out:210 type:b dur:2 cpbdur:2 q:42.00 aq:44.81 tex:13417 mv:8472 misc:2055 imb:47 pmb:750 smb:2803 d:- ref:0 ;
in:214 out:211 type:P dur:2 cpbdur:2 q:41.77 aq:38.07 tex:67097 mv:14258 misc:2069 imb:800 pmb:936 smb:1864 d:- ref:0 ;
in:212 out:212 type:B dur:2 cpbdur:2 q:41.87 aq:43.22 tex:26528 mv:13496 misc:2368 imb:111 pmb:1096 smb:2393 d:- ref:0 ;
in:211 out:213 type:b dur:2 cpbdur:2 q:41.92 aq:45.63 tex:14252 mv:9529 misc:2155 imb:49 pmb:798 smb:2753 d:- ref:0 ;
in:213 out:214 type:b dur:2 cpbdur:2 q:41.82 aq:44.72 tex:14503 mv:9528 misc:2249 imb:63 pmb:816 smb:2721 d:- ref:0 ;
in:218 out:215 type:P dur:2 cpbdur:2 q:41.58 aq:39.44 tex:69182 mv:13960 misc:2082 imb:965 pmb:875 smb:1760 d:- ref:0 ;
in:216 out:216 type:B dur:2 cpbdur:2 q:41.68 aq:42.51 tex:30942 mv:15045 misc:2437 imb:129 pmb:1193 smb:2278 d:- ref:0 ;
in:215 out:217 type:b dur:2 cpbdur:2 q:41.72 aq:44.22 tex:15639 mv:10466 misc:2335 imb:63 pmb:884 smb:2653 d:- ref:0 ;
in:217 out:218 type:b dur:2 cpbdur:2 q:41.63 aq:44.42 tex:11746 mv:7949 misc:2433 imb:37 pmb:904 smb:2659 d:- ref:0 ;
in:219 out:219 type:P dur:2 cpbdur:2 q:41.50 aq:43.88 tex:15941 mv:6721 misc:2458 imb:112 pmb:813 smb:2675 d:- ref:0 ;
in:220 out:220 type:I dur:2 cpbdur:2 q:39.94 aq:34.70 tex:78470 mv:36185 misc:537 imb:3600 pmb:0 smb:0 d:- ref:;
in:224 out:221 type:P dur:2 cpbdur:2 q:41.54 aq:37.70 tex:29307 mv:13522 misc:2619 imb:1082 pmb:697 smb:1821 d:- ref:0 ;
in:222 out:222 type:B dur:2 cpbdur:2 q:41.54 aq:40.78 tex:11970 mv:11755 misc:2083 imb:314 pmb:692 smb:2594 d:- ref:0 ;
in:221 out:223 type:b dur:2 cpbdur:2 q:41.54 aq:42.11 tex:8681 mv:9067 misc:1812 imb:209 pmb:596 smb:2795 d:- ref:0 ;
in:223 out:224 type:b dur:2 cpbdur:2 q:41.54 aq:41.25 tex:9484 mv:10031 misc:1805 imb:268 pmb:617 smb:2715 d:- ref:0 ;
in:228 out:225 type:P dur:2 cpbdur:2 q:41.37 aq:36.94 tex:64274 mv:17161 misc:2125 imb:2028 pmb:537 smb:1035 d:- ref:0 ;
in:226 out:226 type:B dur:2 cpbdur:2 q:41.46 aq:38.91 tex:13116 mv:13538 misc:2386 imb:393 pmb:808 smb:2399 d:- ref:0 ;
in:225 out:227 type:b dur:2 cpbdur:2 q:41.50 aq:41.13 tex:9586 mv:10634 misc:2052 imb:277 pmb:678 smb:2645 d:- ref:0 ;
in:227 out:228 type:b dur:2 cpbdur:2 q:41.41 aq:41.94 tex:8459 mv:10361 misc:1844 imb:248 pmb:650 smb:2702 d:- ref:0 ;
in:232 out:229 type:P dur:2 cpbdur:2 q:41.19 aq:36.89 tex:34643 mv:15049 misc:2532 imb:1305 pmb:732 smb:1563 d:- ref:0 ;
in:230 out:230 type:B dur:2 cpbdur:2 q:41.28 aq:37.70 tex:12516 mv:12921 misc:2587 imb:387 pmb:817 smb:2396 d:- ref:0 ;
in:229 out:231 type:b dur:2 cpbdur:2 q:41.32 aq:41.37 tex:8621 mv:9589 misc:1974 imb:285 pmb:604 smb:2711 d:- ref:0 ;
in:231 out:232 type:b dur:2 cpbdur:2 q:41.23 aq:40.60 tex:7841 mv:9792 misc:2143 imb:219 pmb:663 smb:2718 d:- ref:0 ;
in:236 out:233 type:P dur:2 cpbdur:2 q:41.04 aq:37.26 tex:32645 mv:16212 misc:2799 imb:1113 pmb:845 smb:1642 d:- ref:0 ;
in:234 out:234 type:B dur:2 cpbdur:2 q:41.11 aq:38.26 tex:15447 mv:14246 misc:2611 imb:422 pmb:871 smb:2307 d:- ref:0 ;
in:233 out:235 type:b dur:2 cpbdur:2 q:41.15 aq:41.44 tex:9710 mv:10197 misc:2133 imb:282 pmb:671 smb:2647 d:- ref:0 ;
in:235 out:236 type:b dur:2 cpbdur:2 q:41.08 aq:39.88 tex:9723 mv:10721 misc:2116 imb:264 pmb:695 smb:2641 d:- ref:0 ;
in:240 out:237 type:P dur:2 cpbdur:2 q:40.90 aq:36.77 tex:33344 mv:17210 misc:2638 imb:1268 pmb:844 smb:1488 d:- ref:0 ;
in:238 out:238 type:B dur:2 cpbdur:2 q:40.97 aq:37.86 tex:14133 mv:15066 misc:2729 imb:401 pmb:916 smb:2283 d:- ref:0 ;
in:237 out:239 type:b dur:2 cpbdur:2 q:41.00 aq:41.50 tex:9877 mv:10837 misc:2094 imb:289 pmb:697 smb:2614 d:- ref:0 ;
in:239 out:240 type:b dur:2 cpbdur:2 q:40.93 aq:41.42 tex:9376 mv:10647 misc:2089 imb:265 pmb:676 smb:2659 d:- ref:0 ;
in:244 out:241 type:P dur:2 cpbdur:2 q:40.64 aq:35.57 tex:41225 mv:18988 misc:2699 imb:1429 pmb:923 smb:1248 d:- ref:0 ;
in:242 out:242 type:B dur:2 cpbdur:2 q:40.77 aq:37.69 tex:13662 mv:14117 misc:2525 imb:389 pmb:836 smb:2375 d:- ref:0 ;
in:241 out:243 type:b dur:2 cpbdur:2 q:40.83 aq:40.61 tex:9170 mv:10220 misc:2106 imb:243 pmb:673 smb:2684 d:- ref:0 ;
in:243 out:244 type:b dur:2 cpbdur:2 q:40.70 aq:40.96 tex:11717 mv:10685 misc:1798 imb:263 pmb:672 smb:2665 d:- ref:0 ;
in:248 out:245 type:P dur:2 cpbdur:2 q:40.57 aq:35.23 tex:34623 mv:17173 misc:2764 imb:1208 pmb:868 smb:1524 d:- ref:0 ;
in:246 out:246 type:B dur:2 cpbdur:2 q:40.60 aq:39.90 tex:12760 mv:13075 misc:2269 imb:309 pmb:830 smb:2461 d:- ref:0 ;
in:245 out:247 type:b dur:2 cpbdur:2 q:40.62 aq:41.36 tex:11290 mv:11100 misc:1882 imb:241 pmb:706 smb:2653 d:- ref:0 ;
in:247 out:248 type:b dur:2 cpbdur:2 q:40.59 aq:41.92 tex:8506 mv:8902 misc:1760 imb:231 pmb:591 smb:2778 d:- ref:0 ;
in:252 out:249 type:P dur:2 cpbdur:2 q:40.45 aq:35.77 tex:29678 mv:16250 misc:2760 imb:940 pmb:892 smb:1768 d:- ref:0 ;
in:250 out:250 type:B dur:2 cpbdur:2 q:40.51 aq:38.53 tex:14179 mv:13336 misc:2357 imb:307 pmb:845 smb:2448 d:- ref:0 ;
in:249 out:251 type:b dur:2 cpbdur:2 q:40.54 aq:39.93 tex:7557 mv:8939 misc:1920 imb:190 pmb:619 smb:2791 d:- ref:0 ;
in:251 out:252 type:b dur:2 cpbdur:2 q:40.48 aq:40.94 tex:9364 mv:9745 misc:1883 imb:226 pmb:620 smb:2754 d:- ref:0 ;
in:256 out:253 type:P dur:2 cpbdur:2 q:40.29 aq:35.75 tex:36518 mv:18885 misc:2629 imb:1509 pmb:869 smb:1222 d:- ref:0 ;
in:254 out:254 type:B dur:2 cpbdur:2 q:40.37 aq:37.93 tex:15484 mv:14064 misc:2540 imb:333 pmb:887 smb:2380 d:- ref:0 ;
in:253 out:255 type:b dur:2 cpbdur:2 q:40.41 aq:41.58 tex:9232 mv:9479 misc:1977 imb:232 pmb:628 smb:2740 d:- ref:0 ;
in:255 out:256 type:b dur:2 cpbdur:2 q:40.33 aq:39.87 tex:10678 mv:10199 misc:1939 imb:212 pmb:691 smb:2697 d:- ref:0 ;
in:260 out:257 type:P dur:2 cpbdur:2 q:40.14 aq:36.35 tex:34799 mv:17966 misc:2427 imb:1409 pmb:803 smb:1388 d:- ref:0 ;
in:258 out:258 type:B dur:2 cpbdur:2 q:40.21 aq:37.75 tex:16044 mv:15284 misc:2512 imb:401 pmb:904 smb:2295 d:- ref:0 ;
in:257 out:259 type:b dur:2 cpbdur:2 q:40.25 aq:39.96 tex:9125 mv:11037 misc:2078 imb:212 pmb:733 smb:2655 d:- ref:0 ;
in:259 out:260 type:b dur:2 cpbdur:2 q:40.17 aq:39.53 tex:11049 mv:11033 misc:2046 imb:241 pmb:721 smb:2638 d:- ref:0 ;
in:262 out:261 type:P dur:2 cpbdur:2 q:39.99 aq:38.05 tex:22542 mv:11129 misc:2353 imb:734 pmb:620 smb:2246 d:- ref:0 ;
in:261 out:262 type:b dur:2 cpbdur:2 q:40.06 aq:41.66 tex:11521 mv:11221 misc:1722 imb:238 pmb:690 smb:2672 d:- ref:0 ;
in:263 out:263 type:I dur:2 cpbdur:2 q:37.91 aq:37.11 tex:70753 mv:23906 misc:469 imb:3600 pmb:0 smb:0 d:- ref:;
in:264 out:264 type:P dur:2 cpbdur:2 q:39.99 aq:40.08 tex:64028 mv:11712 misc:2492 imb:1750 pmb:541 smb:1309 d:- ref:0 ;
in:265 out:265 type:P dur:2 cpbdur:2 q:39.88 aq:40.85 tex:65302 mv:11911 misc:2491 imb:1663 pmb:554 smb:1383 d:- ref:0 ;
in:266 out:266 type:P dur:2 cpbdur:2 q:39.86 aq:40.01 tex:59544 mv:12126 misc:2634 imb:1535 pmb:568 smb:1497 d:- ref:0 ;
in:267 out:267 type:P dur:2 cpbdur:2 q:39.86 aq:40.17 tex:62872 mv:12203 misc:2501 imb:1807 pmb:557 smb:1236 d:- ref:0 ;
in:268 out:268 type:P dur:2 cpbdur:2 q:39.84 aq:41.35 tex:58834 mv:11081 misc:2629 imb:1566 pmb:539 smb:1495 d:- ref:0 ;
in:269 out:269 type:P dur:2 cpbdur:2 q:39.83 aq:40.63 tex:61698 mv:11170 misc:2588 imb:1567 pmb:530 smb:1503 d:- ref:0 ;
in:271 out:270 type:P dur:2 cpbdur:2 q:39.80 aq:40.71 tex:57003 mv:11508 misc:2553 imb:1680 pmb:548 smb:1372 d:- ref:0 ;
in:270 out:271 type:b dur:2 cpbdur:2 q:39.81 aq:43.02 tex:27997 mv:15484 misc:3159 imb:670 pmb:1232 smb:1698 d:- ref:0 ;
in:272 out:272 type:P dur:2 cpbdur:2 q:39.72 aq:40.79 tex:55474 mv:9865 misc:2685 imb:1298 pmb:517 smb:1785 d:- ref:0 ;
in:273 out:273 type:P dur:2 cpbdur:2 q:39.68 aq:40.27 tex:54355 mv:10239 misc:2798 imb:1460 pmb:521 smb:1619 d:- ref:0 ;
in:274 out:274 type:P dur:2 cpbdur:2 q:39.64 aq:41.74 tex:57533 mv:9613 misc:2670 imb:1302 pmb:508 smb:1790 d:- ref:0 ;
in:275 out:275 type:P dur:2 cpbdur:2 q:39.62 aq:40.92 tex:64055 mv:10508 misc:2605 imb:1675 pmb:518 smb:1407 d:- ref:0 ;
in:276 out:276 type:P dur:2 cpbdur:2 q:39.60 aq:41.39 tex:62337 mv:10751 misc:2648 imb:1554 pmb:568 smb:1478 d:- ref:0 ;
in:277 out:277 type:P dur:2 cpbdur:2 q:39.58 aq:41.35 tex:59474 mv:10769 misc:2685 imb:1393 pmb:547 smb:1660 d:- ref:0 ;
in:278 out:278 type:P dur:2 cpbdur:2 q:39.54 aq:40.61 tex:53637 mv:11216 misc:2811 imb:1490 pmb:588 smb:1522 d:- ref:0 ;
in:279 out:279 type:P dur:2 cpbdur:2 q:39.52 aq:40.48 tex:65177 mv:12328 misc:2487 imb:1920 pmb:600 smb:1080 d:- ref:0 ;
in:280 out:280 type:P dur:2 cpbdur:2 q:39.51 aq:41.05 tex:60014 mv:11607 misc:2643 imb:1719 pmb:557 smb:1324 d:- ref:0 ;
in:281 out:281 type:P dur:2 cpbdur:2 q:39.49 aq:40.69 tex:59465 mv:12107 misc:2644 imb:1797 pmb:578 smb:1225 d:- ref:0 ;
in:282 out:282 type:P dur:2 cpbdur:2 q:39.46 aq:40.57 tex:59588 mv:10984 misc:2788 imb:1547 pmb:529 smb:1524 d:- ref:0 ;
in:283 out:283 type:P dur:2 cpbdur:2 q:39.42 aq:39.45 tex:68796 mv:11734 misc:2310 imb:1943 pmb:521 smb:1136 d:- ref:0 ;
in:284 out:284 type:P dur:2 cpbdur:2 q:39.40 aq:40.16 tex:65006 mv:12273 misc:2649 imb:1742 pmb:628 smb:1230 d:- ref:0 ;
in:285 out:285 type:P dur:2 cpbdur:2 q:39.36 aq:40.34 tex:72263 mv:12034 misc:2431 imb:1896 pmb:596 smb:1108 d:- ref:0 ;
in:286 out:286 type:P dur:2 cpbdur:2 q:39.37 aq:40.95 tex:65543 mv:11859 misc:2646 imb:1545 pmb:619 smb:1436 d:- ref:0 ;
in:287 out:287 type:P dur:2 cpbdur:2 q:39.40 aq:39.99 tex:75059 mv:13139 misc:2362 imb:1950 pmb:608 smb:1042 d:- ref:0 ;
in:288 out:288 type:P dur:2 cpbdur:2 q:39.44 aq:39.87 tex:69458 mv:13680 misc:2422 imb:1807 pmb:655 smb:1138 d:- ref:0 ;
in:289 out:289 type:P dur:2 cpbdur:2 q:39.48 aq:40.05 tex:68134 mv:13595 misc:2295 imb:1871 pmb:632 smb:1097 d:- ref:0 ;
in:290 out:290 type:P dur:2 cpbdur:2 q:39.52 aq:40.47 tex:72447 mv:13810 misc:2527 imb:1833 pmb:652 smb:1115 d:- ref:0 ;
in:291 out:291 type:P dur:2 cpbdur:2 q:39.56 aq:39.57 tex:73690 mv:14187 misc:2355 imb:2114 pmb:614 smb:872 d:- ref:0 ;
in:292 out:292 type:P dur:2 cpbdur:2 q:39.59 aq:40.14 tex:67422 mv:11973 misc:2637 imb:1543 pmb:573 smb:1484 d:- ref:0 ;
in:293 out:293 type:P dur:2 cpbdur:2 q:39.61 aq:39.70 tex:70458 mv:11104 misc:2750 imb:1629 pmb:518 smb:1453 d:- ref:0 ;
in:295 out:294 type:P dur:2 cpbdur:2 q:39.65 aq:39.26 tex:74008 mv:14931 misc:2045 imb:2100 pmb:623 smb:877 d:- ref:0 ;
in:294 out:295 type:b dur:2 cpbdur:2 q:39.63 aq:42.75 tex:35927 mv:18231 misc:3154 imb:730 pmb:1302 smb:1568 d:- ref:0 ;
in:296 out:296 type:P dur:2 cpbdur:2 q:39.69 aq:41.47 tex:52014 mv:10655 misc:2659 imb:1273 pmb:595 smb:1732 d:- ref:0 ;
in:297 out:297 type:P dur:2 cpbdur:2 q:39.72 aq:40.78 tex:75101 mv:13649 misc:2138 imb:2098 pmb:630 smb:872 d:- ref:0 ;
in:298 out:298 type:P dur:2 cpbdur:2 q:39.76 aq:40.46 tex:61088 mv:11780 misc:2508 imb:1843 pmb:559 smb:1198 d:- ref:0 ;
in:299 out:299 type:P dur:2 cpbdur:2 q:39.80 aq:40.36 tex:59954 mv:12484 misc:2450 imb:1919 pmb:536 smb:1145 d:- ref:0 ;
in:300 out:300 type:P dur:2 cpbdur:2 q:39.83 aq:41.45 tex:57832 mv:11003 misc:2725 imb:1576 pmb:509 smb:1515 d:- ref:0 ;
in:301 out:301 type:P dur:2 cpbdur:2 q:39.86 aq:41.87 tex:58210 mv:11292 misc:2618 imb:1592 pmb:564 smb:1444 d:- ref:0 ;
in:302 out:302 type:P dur:2 cpbdur:2 q:39.89 aq:42.39 tex:63507 mv:11828 misc:2633 imb:1721 pmb:628 smb:1251 d:- ref:0 ;
in:303 out:303 type:P dur:2 cpbdur:2 q:39.92 aq:42.10 tex:64960 mv:13077 misc:2571 imb:1807 pmb:655 smb:1138 d:- ref:0 ;
in:304 out:304 type:P dur:2 cpbdur:2 q:39.96 aq:42.42 tex:61390 mv:11266 misc:2616 imb:1583 pmb:571 smb:1446 d:- ref:0 ;
in:305 out:305 type:P dur:2 cpbdur:2 q:40.00 aq:42.16 tex:57089 mv:11517 misc:2634 imb:1828 pmb:583 smb:1189 d:- ref:0 ;
in:306 out:306 type:P dur:2 cpbdur:2 q:40.04 aq:41.88 tex:62488 mv:11093 misc:2467 imb:2046 pmb:556 smb:998 d:- ref:0 ;
in:307 out:307 type:P dur:2 cpbdur:2 q:40.09 aq:42.08 tex:62379 mv:11498 misc:2635 imb:1754 pmb:597 smb:1249 d:- ref:0 ;
in:308 out:308 type:P dur:2 cpbdur:2 q:40.12 aq:41.66 tex:63622 mv:13310 misc:2436 imb:1898 pmb:655 smb:1047 d:- ref:0 ;
in:309 out:309 type:P dur:2 cpbdur:2 q:40.15 aq:42.95 tex:53137 mv:13037 misc:2466 imb:1797 pmb:648 smb:1155 d:- ref:0 ;
in:310 out:310 type:I dur:2 cpbdur:2 q:36.97 aq:30.99 tex:63242 mv:33924 misc:506 imb:3600 pmb:0 smb:0 d:- ref:;
in:312 out:311 type:P dur:2 cpbdur:2 q:40.20 aq:34.44 tex:8815 mv:7904 misc:2209 imb:734 pmb:417 smb:2449 d:- ref:0 ;
in:311 out:312 type:b dur:2 cpbdur:2 q:40.20 aq:35.27 tex:1708 mv:2984 misc:1276 imb:90 pmb:249 smb:3261 d:- ref:0 ;
in:316 out:313 type:P dur:2 cpbdur:2 q:40.18 aq:34.29 tex:14143 mv:10358 misc:2267 imb:937 pmb:525 smb:2138 d:- ref:0 ;
in:314 out:314 type:B dur:2 cpbdur:2 q:40.19 aq:35.48 tex:4550 mv:6603 misc:2079 imb:397 pmb:447 smb:2756 d:- ref:0 ;
in:313 out:315 type:b dur:2 cpbdur:2 q:40.19 aq:36.28 tex:2771 mv:4040 misc:1565 imb:249 pmb:283 smb:3068 d:- ref:0 ;
in:315 out:316 type:b dur:2 cpbdur:2 q:40.18 aq:35.74 tex:1638 mv:2283 misc:1303 imb:80 pmb:216 smb:3304 d:- ref:0 ;
in:318 out:317 type:P dur:2 cpbdur:2 q:40.13 aq:35.46 tex:9366 mv:7017 misc:2249 imb:502 pmb:458 smb:2640 d:- ref:0 ;
in:317 out:318 type:b dur:2 cpbdur:2 q:40.15 aq:37.70 tex:1757 mv:2011 misc:1008 imb:69 pmb:165 smb:3366 d:- ref:0 ;
in:320 out:319 type:P dur:2 cpbdur:2 q:40.09 aq:34.21 tex:13522 mv:10062 misc:2320 imb:1008 pmb:519 smb:2073 d:- ref:0 ;
in:319 out:320 type:b dur:2 cpbdur:2 q:40.11 aq:36.57 tex:1745 mv:2288 misc:1183 imb:76 pmb:197 smb:3327 d:- ref:0 ;
in:324 out:321 type:P dur:2 cpbdur:2 q:40.05 aq:34.39 tex:14067 mv:10893 misc:2280 imb:930 pmb:558 smb:2112 d:- ref:0 ;
in:322 out:322 type:B dur:2 cpbdur:2 q:40.07 aq:33.62 tex:5971 mv:10352 misc:2389 imb:635 pmb:531 smb:2434 d:- ref:0 ;
in:321 out:323 type:b dur:2 cpbdur:2 q:40.08 aq:35.35 tex:1487 mv:2612 misc:1237 imb:91 pmb:233 smb:3276 d:- ref:0 ;
in:323 out:324 type:b dur:2 cpbdur:2 q:40.06 aq:35.89 tex:2090 mv:3324 misc:1410 imb:134 pmb:265 smb:3201 d:- ref:0 ;
in:325 out:325 type:P dur:2 cpbdur:2 q:39.97 aq:35.32 tex:6906 mv:6157 misc:1993 imb:721 pmb:343 smb:2536 d:- ref:0 ;
in:327 out:326 type:P dur:2 cpbdur:2 q:39.96 aq:35.05 tex:11207 mv:8821 misc:2292 imb:941 pmb:457 smb:2202 d:- ref:0 ;
in:326 out:327 type:b dur:2 cpbdur:2 q:39.97 aq:35.99 tex:2309 mv:3423 misc:1420 imb:190 pmb:229 smb:3181 d:- ref:0 ;
in:328 out:328 type:P dur:2 cpbdur:2 q:39.93 aq:35.96 tex:6078 mv:5312 misc:2130 imb:502 pmb:368 smb:2730 d:- ref:0 ;
in:329 out:329 type:P dur:2 cpbdur:2 q:39.92 aq:35.91 tex:5272 mv:5482 misc:2078 imb:470 pmb:372 smb:2758 d:- ref:0 ;
in:330 out:330 type:P dur:2 cpbdur:2 q:39.90 aq:35.18 tex:8272 mv:6371 misc:2093 imb:624 pmb:402 smb:2574 d:- ref:0 ;
in:334 out:331 type:P dur:2 cpbdur:2 q:39.89 aq:32.63 tex:19352 mv:14779 misc:2205 imb:1810 pmb:618 smb:1172 d:- ref:0 ;
in:332 out:332 type:B dur:2 cpbdur:2 q:39.89 aq:35.97 tex:6317 mv:8407 misc:2028 imb:460 pmb:602 smb:2538 d:- ref:0 ;
in:331 out:333 type:b dur:2 cpbdur:2 q:39.90 aq:35.74 tex:2446 mv:4010 misc:1696 imb:236 pmb:305 smb:3059 d:- ref:0 ;
in:333 out:334 type:b dur:2 cpbdur:2 q:39.89 aq:35.47 tex:1667 mv:3103 misc:1422 imb:144 pmb:245 smb:3211 d:- ref:0 ;
in:338 out:335 type:P dur:2 cpbdur:2 q:39.69 aq:33.58 tex:13161 mv:10270 misc:2137 imb:977 pmb:531 smb:2092 d:- ref:0 ;
in:336 out:336 type:B dur:2 cpbdur:2 q:39.79 aq:34.61 tex:2364 mv:4365 misc:1695 imb:136 pmb:355 smb:3109 d:- ref:0 ;
in:335 out:337 type:b dur:2 cpbdur:2 q:39.84 aq:35.06 tex:1404 mv:2516 misc:1144 imb:116 pmb:182 smb:3302 d:- ref:0 ;
in:337 out:338 type:b dur:2 cpbdur:2 q:39.74 aq:34.01 tex:1474 mv:2422 misc:1240 imb:66 pmb:217 smb:3317 d:- ref:0 ;
in:342 out:339 type:P dur:2 cpbdur:2 q:39.38 aq:32.96 tex:12027 mv:11312 misc:2509 imb:1115 pmb:584 smb:1901 d:- ref:0 ;
in:340 out:340 type:B dur:2 cpbdur:2 q:39.53 aq:34.37 tex:3595 mv:4828 misc:1769 imb:155 pmb:435 smb:3010 d:- ref:0 ;
in:339 out:341 type:b dur:2 cpbdur:2 q:39.61 aq:35.08 tex:1690 mv:3002 misc:1324 imb:124 pmb:232 smb:3244 d:- ref:0 ;
in:341 out:342 type:b dur:2 cpbdur:2 q:39.46 aq:35.20 tex:2649 mv:4054 misc:1673 imb:172 pmb:326 smb:3102 d:- ref:0 ;
in:344 out:343 type:P dur:2 cpbdur:2 q:39.05 aq:32.92 tex:11378 mv:10528 misc:2918 imb:954 pmb:610 smb:2036 d:- ref:0 w:0,1,-2 ;
in:343 out:344 type:b dur:2 cpbdur:2 q:39.21 aq:33.71 tex:2874 mv:4455 misc:1735 imb:168 pmb:411 smb:3021 d:- ref:0 ;
in:348 out:345 type:P dur:2 cpbdur:2 q:38.89 aq:33.99 tex:9314 mv:8634 misc:2292 imb:782 pmb:454 smb:2364 d:- ref:0 ;
in:346 out:346 type:B dur:2 cpbdur:2 q:38.97 aq:33.60 tex:7092 mv:9566 misc:2470 imb:504 pmb:640 smb:2456 d:- ref:0 ;
in:345 out:347 type:b dur:2 cpbdur:2 q:39.01 aq:35.15 tex:2710 mv:4771 misc:1727 imb:265 pmb:320 smb:3015 d:- ref:0 ;
in:347 out:348 type:b dur:2 cpbdur:2 q:38.93 aq:35.15 tex:2203 mv:3744 misc:1701 imb:116 pmb:346 smb:3138 d:- ref:0 ;
in:350 out:349 type:P dur:2 cpbdur:2 q:38.55 aq:33.38 tex:16385 mv:12123 misc:2340 imb:1288 pmb:576 smb:1736 d:- ref:0 w:7,125,-2,4,15,8,16,0 ;
in:349 out:350 type:b dur:2 cpbdur:2 q:38.72 aq:34.54 tex:2992 mv:3624 misc:1608 imb:152 pmb:323 smb:3125 d:- ref:0 ;
in:352 out:351 type:P dur:2 cpbdur:2 q:38.37 aq:33.45 tex:10335 mv:9896 misc:2337 imb:1100 pmb:425 smb:2075 d:- ref:0 ;
in:351 out:352 type:b dur:2 cpbdur:2 q:38.46 aq:34.97 tex:4755 mv:7524 misc:2033 imb:434 pmb:427 smb:2739 d:- ref:0 ;
in:353 out:353 type:P dur:2 cpbdur:2 q:38.19 aq:39.27 tex:89550 mv:15959 misc:331 imb:3542 pmb:58 smb:0 d:- ref:0 ;
in:354 out:354 type:P dur:2 cpbdur:2 q:38.15 aq:34.69 tex:29284 mv:17583 misc:269 imb:3579 pmb:21 smb:0 d:- ref:0 ;
in:355 out:355 type:P dur:2 cpbdur:2 q:38.05 aq:31.20 tex:21683 mv:15829 misc:736 imb:3308 pmb:170 smb:122 d:- ref:0 ;
in:356 out:356 type:P dur:2 cpbdur:2 q:37.97 aq:30.86 tex:18211 mv:11952 misc:2165 imb:2226 pmb:235 smb:1139 d:- ref:0 ;
in:357 out:357 type:P dur:2 cpbdur:2 q:37.90 aq:37.12 tex:52597 mv:17897 misc:674 imb:3387 pmb:77 smb:136 d:- ref:0 ;
in:358 out:358 type:P dur:2 cpbdur:2 q:37.85 aq:34.54 tex:31093 mv:17539 misc:600 imb:3355 pmb:174 smb:71 d:- ref:0 ;
in:359 out:359 type:P dur:2 cpbdur:2 q:37.76 aq:34.78 tex:26767 mv:16660 misc:1021 imb:2904 pmb:238 smb:458 d:- ref:0 ;
in:360 out:360 type:P dur:2 cpbdur:2 q:37.69 aq:34.80 tex:43212 mv:18774 misc:358 imb:3491 pmb:93 smb:16 d:- ref:0 ;
in:361 out:361 type:P dur:2 cpbdur:2 q:37.64 aq:30.21 tex:17446 mv:13857 misc:633 imb:3417 pmb:69 smb:114 d:- ref:0 ;
in:362 out:362 type:P dur:2 cpbdur:2 q:37.58 aq:29.68 tex:13155 mv:10741 misc:1888 imb:2215 pmb:163 smb:1222 d:- ref:0 ;
in:363 out:363 type:P dur:2 cpbdur:2 q:37.50 aq:31.11 tex:25732 mv:13216 misc:1476 imb:2827 pmb:118 smb:655 d:- ref:0 ;
in:364 out:364 type:P dur:2 cpbdur:2 q:37.43 aq:31.84 tex:19605 mv:13024 misc:2043 imb:2156 pmb:292 smb:1152 d:- ref:0 ;
in:365 out:365 type:P dur:2 cpbdur:2 q:37.37 aq:35.31 tex:37620 mv:18267 misc:857 imb:3165 pmb:235 smb:200 d:- ref:0 ;
in:366 out:366 type:P dur:2 cpbdur:2 q:37.31 aq:30.03 tex:18713 mv:13919 misc:656 imb:3348 pmb:148 smb:104 d:- ref:0 ;
in:367 out:367 type:P dur:2 cpbdur:2 q:37.24 aq:34.45 tex:50906 mv:16309 misc:1265 imb:2845 pmb:161 smb:594 d:- ref:0 ;
in:368 out:368 type:I dur:2 cpbdur:2 q:35.56 aq:27.99 tex:24680 mv:14663 misc:449 imb:3600 pmb:0 smb:0 d:- ref:;
in:369 out:369 type:P dur:2 cpbdur:2 q:37.14 aq:31.69 tex:20144 mv:13784 misc:1728 imb:2473 pmb:239 smb:888 d:- ref:0 ;
in:370 out:370 type:P dur:2 cpbdur:2 q:37.07 aq:31.24 tex:20223 mv:13987 misc:1998 imb:2362 pmb:319 smb:919 d:- ref:0 ;
in:371 out:371 type:P dur:2 cpbdur:2 q:37.02 aq:34.53 tex:33168 mv:18300 misc:924 imb:3169 pmb:221 smb:210 d:- ref:0 ;
in:372 out:372 type:P dur:2 cpbdur:2 q:36.96 aq:30.32 tex:25521 mv:16147 misc:388 imb:3470 pmb:127 smb:3 d:- ref:0 w:7,123,17,7,120,5,81,52 ;
in:373 out:373 type:P dur:2 cpbdur:2 q:36.90 aq:34.00 tex:39391 mv:17354 misc:1207 imb:2840 pmb:219 smb:541 d:- ref:0 ;
in:374 out:374 type:P dur:2 cpbdur:2 q:36.86 aq:33.52 tex:29227 mv:16736 misc:1061 imb:2889 pmb:232 smb:479 d:- ref:0 ;
in:375 out:375 type:P dur:2 cpbdur:2 q:36.89 aq:31.94 tex:24373 mv:16258 misc:1057 imb:2928 pmb:204 smb:468 d:- ref:0 ;
in:376 out:376 type:P dur:2 cpbdur:2 q:36.90 aq:31.60 tex:21989 mv:14158 misc:1645 imb:2507 pmb:256 smb:837 d:- ref:0 ;
in:377 out:377 type:P dur:2 cpbdur:2 q:36.90 aq:32.94 tex:31009 mv:16016 misc:1415 imb:2640 pmb:259 smb:701 d:- ref:0 ;
in:378 out:378 type:P dur:2 cpbdur:2 q:36.89 aq:32.07 tex:26504 mv:15943 misc:1241 imb:2794 pmb:220 smb:586 d:- ref:0 ;
in:379 out:379 type:i dur:2 cpbdur:2 q:34.94 aq:31.66 tex:49977 mv:20949 misc:186 imb:3600 pmb:0 smb:0 d:- ref:;
in:380 out:380 type:P dur:2 cpbdur:2 q:36.93 aq:34.18 tex:41598 mv:17168 misc:1298 imb:2778 pmb:261 smb:561 d:- ref:0 ;
in:381 out:381 type:i dur:2 cpbdur:2 q:34.90 aq:32.23 tex:59293 mv:22273 misc:194 imb:3600 pmb:0 smb:0 d:- ref:;
in:382 out:382 type:P dur:2 cpbdur:2 q:36.98 aq:34.69 tex:44125 mv:15897 misc:1474 imb:2639 pmb:341 smb:620 d:- ref:0 ;
in:383 out:383 type:P dur:2 cpbdur:2 q:37.00 aq:35.58 tex:49864 mv:18052 misc:948 imb:2989 pmb:375 smb:236 d:- ref:0 ;
in:384 out:384 type:P dur:2 cpbdur:2 q:37.00 aq:33.58 tex:34104 mv:17555 misc:413 imb:3484 pmb:80 smb:36 d:- ref:0 ;
in:385 out:385 type:P dur:2 cpbdur:2 q:36.99 aq:32.21 tex:28143 mv:16106 misc:903 imb:3193 pmb:169 smb:238 d:- ref:0 ;
in:386 out:386 type:P dur:2 cpbdur:2 q:36.97 aq:32.40 tex:25808 mv:15108 misc:1204 imb:2867 pmb:189 smb:544 d:- ref:0 ;
in:387 out:387 type:i dur:2 cpbdur:2 q:34.71 aq:32.14 tex:73315 mv:24854 misc:167 imb:3600 pmb:0 smb:0 d:- ref:;
in:388 out:388 type:P dur:2 cpbdur:2 q:36.99 aq:34.77 tex:48323 mv:16668 misc:1393 imb:2510 pmb:378 smb:712 d:- ref:0 ;
in:389 out:389 type:P dur:2 cpbdur:2 q:37.03 aq:34.80 tex:51357 mv:19432 misc:1107 imb:2951 pmb:403 smb:246 d:- ref:0 ;
in:390 out:390 type:P dur:2 cpbdur:2 q:37.04 aq:35.53 tex:39837 mv:18229 misc:1710 imb:2616 pmb:484 smb:500 d:- ref:0 ;
in:391 out:391 type:P dur:2 cpbdur:2 q:37.04 aq:33.81 tex:42655 mv:18412 misc:1621 imb:2736 pmb:445 smb:419 d:- ref:0 ;
in:392 out:392 type:P dur:2 cpbdur:2 q:37.05 aq:33.72 tex:45137 mv:18201 misc:1726 imb:2631 pmb:374 smb:595 d:- ref:0 ;
in:393 out:393 type:P dur:2 cpbdur:2 q:37.06 aq:35.39 tex:44756 mv:17580 misc:1944 imb:2387 pmb:417 smb:796 d:- ref:0 ;
in:394 out:394 type:P dur:2 cpbdur:2 q:37.07 aq:34.84 tex:41827 mv:18088 misc:1805 imb:2436 pmb:447 smb:717 d:- ref:0 ;
in:395 out:395 type:P dur:2 cpbdur:2 q:37.10 aq:34.19 tex:39007 mv:16901 misc:1900 imb:2469 pmb:394 smb:737 d:- ref:0 ;
in:396 out:396 type:P dur:2 cpbdur:2 q:37.11 aq:35.11 tex:42403 mv:16415 misc:2014 imb:2289 pmb:420 smb:891 d:- ref:0 ;
in:397 out:397 type:P dur:2 cpbdur:2 q:37.10 aq:35.07 tex:38210 mv:17295 misc:2007 imb:2256 pmb:543 smb:801 d:- ref:0 ;
in:398 out:398 type:P dur:2 cpbdur:2 q:37.08 aq:35.68 tex:43332 mv:17850 misc:1714 imb:2632 pmb:444 smb:524 d:- ref:0 ;
in:399 out:399 type:P dur:2 cpbdur:2 q:37.06 aq:35.43 tex:55914 mv:19231 misc:1231 imb:2839 pmb:462 smb:299 d:- ref:0 ;
in:400 out:400 type:P dur:2 cpbdur:2 q:37.05 aq:35.72 tex:45664 mv:19872 misc:1592 imb:2563 pmb:581 smb:456 d:- ref:0 ;
in:401 out:401 type:P dur:2 cpbdur:2 q:37.07 aq:31.32 tex:51224 mv:15333 misc:627 imb:3370 pmb:136 smb:94 d:- ref:0 ;
in:402 out:402 type:P dur:2 cpbdur:2 q:37.06 aq:36.24 tex:60170 mv:19031 misc:295 imb:3575 pmb:25 smb:0 d:- ref:0 ;
in:403 out:403 type:P dur:2 cpbdur:2 q:37.07 aq:36.69 tex:71426 mv:15988 misc:322 imb:3538 pmb:57 smb:5 d:- ref:0 ;
in:404 out:404 type:P dur:2 cpbdur:2 q:37.07 aq:35.54 tex:57227 mv:19342 misc:799 imb:3097 pmb:258 smb:245 d:- ref:0 ;
in:405 out:405 type:I dur:2 cpbdur:2 q:34.39 aq:27.32 tex:76760 mv:34672 misc:504 imb:3600 pmb:0 smb:0 d:- ref:;
in:409 out:406 type:P dur:2 cpbdur:2 q:37.16 aq:30.46 tex:26530 mv:15997 misc:2521 imb:1266 pmb:628 smb:1706 d:- ref:0 ;
in:407 out:407 type:B dur:2 cpbdur:2 q:37.16 aq:31.51 tex:7515 mv:10897 misc:2748 imb:228 pmb:834 smb:2538 d:- ref:0 ;
in:406 out:408 type:b dur:2 cpbdur:2 q:37.16 aq:31.63 tex:3266 mv:7003 misc:2123 imb:177 pmb:503 smb:2920 d:- ref:0 ;
in:408 out:409 type:b dur:2 cpbdur:2 q:37.16 aq:31.18 tex:3771 mv:5569 misc:1940 imb:92 pmb:484 smb:3024 d:- ref:0 ;
in:413 out:410 type:P dur:2 cpbdur:2 q:37.06 aq:28.91 tex:33606 mv:18412 misc:2086 imb:2036 pmb:567 smb:997 d:- ref:0 ;
in:411 out:411 type:B dur:2 cpbdur:2 q:37.11 aq:30.63 tex:9438 mv:13106 misc:3040 imb:477 pmb:861 smb:2262 d:- ref:0 ;
in:410 out:412 type:b dur:2 cpbdur:2 q:37.13 aq:30.65 tex:4136 mv:6775 misc:2177 imb:175 pmb:517 smb:2908 d:- ref:0 ;
in:412 out:413 type:b dur:2 cpbdur:2 q:37.08 aq:30.25 tex:3684 mv:6585 misc:2275 imb:199 pmb:510 smb:2891 d:- ref:0 ;
in:417 out:414 type:P dur:2 cpbdur:2 q:36.95 aq:28.69 tex:23534 mv:16390 misc:2756 imb:1240 pmb:703 smb:1657 d:- ref:0 ;
in:415 out:415 type:B dur:2 cpbdur:2 q:37.00 aq:30.24 tex:6934 mv:10857 misc:2793 imb:265 pmb:787 smb:2548 d:- ref:0 ;
in:414 out:416 type:b dur:2 cpbdur:2 q:37.03 aq:30.93 tex:1820 mv:3896 misc:1780 imb:46 pmb:387 smb:3167 d:- ref:0 ;
in:416 out:417 type:b dur:2 cpbdur:2 q:36.98 aq:31.01 tex:2063 mv:4794 misc:1975 imb:81 pmb:451 smb:3068 d:- ref:0 ;
in:421 out:418 type:P dur:2 cpbdur:2 q:36.81 aq:29.44 tex:20225 mv:14256 misc:2663 imb:1195 pmb:653 smb:1752 d:- ref:0 ;
in:419 out:419 type:B dur:2 cpbdur:2 q:36.88 aq:29.44 tex:6642 mv:8672 misc:2742 imb:191 pmb:733 smb:2676 d:- ref:0 ;
in:418 out:420 type:b dur:2 cpbdur:2 q:36.91 aq:30.22 tex:2272 mv:3117 misc:1651 imb:44 pmb:358 smb:3198 d:- ref:0 ;
in:420 out:421 type:b dur:2 cpbdur:2 q:36.85 aq:30.93 tex:2380 mv:3963 misc:1753 imb:100 pmb:365 smb:3135 d:- ref:0 ;
in:423 out:422 type:P dur:2 cpbdur:2 q:36.70 aq:29.48 tex:19356 mv:14315 misc:2641 imb:1282 pmb:645 smb:1673 d:- ref:0 ;
in:422 out:423 type:b dur:2 cpbdur:2 q:36.76 aq:31.03 tex:3359 mv:6415 misc:2154 imb:220 pmb:453 smb:2927 d:- ref:0 ;
in:427 out:424 type:P dur:2 cpbdur:2 q:36.69 aq:29.80 tex:21541 mv:14701 misc:2638 imb:1295 pmb:633 smb:1672 d:- ref:0 ;
in:425 out:425 type:B dur:2 cpbdur:2 q:36.69 aq:29.91 tex:7827 mv:10992 misc:2893 imb:444 pmb:749 smb:2407 d:- ref:0 ;
in:424 out:426 type:b dur:2 cpbdur:2 q:36.70 aq:30.06 tex:2051 mv:3837 misc:1896 imb:82 pmb:401 smb:3117 d:- ref:0 ;
in:426 out:427 type:b dur:2 cpbdur:2 q:36.69 aq:30.68 tex:2817 mv:5070 misc:2145 imb:113 pmb:479 smb:3008 d:- ref:0 ;
in:431 out:428 type:P dur:2 cpbdur:2 q:36.55 aq:29.34 tex:22234 mv:15113 misc:2637 imb:1421 pmb:625 smb:1554 d:- ref:0 ;
in:429 out:429 type:B dur:2 cpbdur:2 q:36.62 aq:30.27 tex:7654 mv:9507 misc:2639 imb:306 pmb:674 smb:2620 d:- ref:0 ;
in:428 out:430 type:b dur:2 cpbdur:2 q:36.65 aq:30.68 tex:2475 mv:3901 misc:1688 imb:98 pmb:339 smb:3163 d:- ref:0 ;
in:430 out:431 type:b dur:2 cpbdur:2 q:36.59 aq:30.79 tex:2832 mv:5245 misc:2019 imb:91 pmb:454 smb:3055 d:- ref:0 ;
in:435 out:432 type:P dur:2 cpbdur:2 q:36.34 aq:28.93 tex:26033 mv:15231 misc:2632 imb:1453 pmb:591 smb:1556 d:- ref:0 ;
in:433 out:433 type:B dur:2 cpbdur:2 q:36.45 aq:29.17 tex:8595 mv:10539 misc:2898 imb:317 pmb:797 smb:2486 d:- ref:0 ;
in:432 out:434 type:b dur:2 cpbdur:2 q:36.50 aq:30.13 tex:4526 mv:6985 misc:2305 imb:185 pmb:562 smb:2853 d:- ref:0 ;
in:434 out:435 type:b dur:2 cpbdur:2 q:36.40 aq:29.29 tex:2694 mv:5050 misc:2040 imb:127 pmb:430 smb:3043 d:- ref:0 ;
in:439 out:436 type:P dur:2 cpbdur:2 q:36.14 aq:27.95 tex:25685 mv:16793 misc:2730 imb:1512 pmb:687 smb:1401 d:- ref:0 ;
in:437 out:437 type:B dur:2 cpbdur:2 q:36.24 aq:29.80 tex:8871 mv:10921 misc:2872 imb:328 pmb:828 smb:2444 d:- ref:0 ;
in:436 out:438 type:b dur:2 cpbdur:2 q:36.29 aq:30.36 tex:4457 mv:7097 misc:2358 imb:198 pmb:556 smb:2846 d:- ref:0 ;
in:438 out:439 type:b dur:2 cpbdur:2 q:36.19 aq:30.31 tex:3931 mv:6152 misc:2093 imb:186 pmb:465 smb:2949 d:- ref:0 ;
in:443 out:440 type:P dur:2 cpbdur:2 q:35.90 aq:26.84 tex:21718 mv:14797 misc:2717 imb:1446 pmb:615 smb:1539 d:- ref:0 ;
in:441 out:441 type:B dur:2 cpbdur:2 q:36.02 aq:28.31 tex:8178 mv:10702 misc:2984 imb:359 pmb:771 smb:2470 d:- ref:0 ;
in:440 out:442 type:b dur:2 cpbdur:2 q:36.08 aq:29.07 tex:4560 mv:5907 misc:2285 imb:162 pmb:523 smb:2915 d:- ref:0 ;
in:442 out:443 type:b dur:2 cpbdur:2 q:35.96 aq:29.03 tex:2431 mv:3653 misc:1812 imb:65 pmb:395 smb:3140 d:- ref:0 ;
in:447 out:444 type:P dur:2 cpbdur:2 q:35.64 aq:27.64 tex:32904 mv:17626 misc:2318 imb:1837 pmb:616 smb:1147 d:- ref:0 ;
in:445 out:445 type:B dur:2 cpbdur:2 q:35.77 aq:28.28 tex:7666 mv:10741 misc:2937 imb:328 pmb:791 smb:2481 d:- ref:0 ;
in:444 out:446 type:b dur:2 cpbdur:2 q:35.83 aq:28.10 tex:3616 mv:5849 misc:2367 imb:156 pmb:501 smb:2943 d:- ref:0 ;
in:446 out:447 type:b dur:2 cpbdur:2 q:35.70 aq:29.15 tex:4958 mv:7241 misc:2673 imb:171 pmb:674 smb:2755 d:- ref:0 ;
in:451 out:448 type:P dur:2 cpbdur:2 q:35.38 aq:28.25 tex:23108 mv:16291 misc:2313 imb:1856 pmb:550 smb:1194 d:- ref:0 ;
in:449 out:449 type:B dur:2 cpbdur:2 q:35.51 aq:28.61 tex:10389 mv:12883 misc:3048 imb:477 pmb:850 smb:2273 d:- ref:0 ;
in:448 out:450 type:b dur:2 cpbdur:2 q:35.57 aq:28.24 tex:4597 mv:7616 misc:2499 imb:253 pmb:589 smb:2758 d:- ref:0 ;
in:450 out:451 type:b dur:2 cpbdur:2 q:35.44 aq:30.18 tex:4351 mv:6918 misc:2475 imb:167 pmb:647 smb:2786 d:- ref:0 ;
in:452 out:452 type:I dur:2 cpbdur:2 q:33.34 aq:21.19 tex:186350 mv:42728 misc:554 imb:3600 pmb:0 smb:0 d:- ref:;
in:456 out:453 type:P dur:2 cpbdur:2 q:35.28 aq:30.28 tex:39294 mv:8021 misc:1877 imb:274 pmb:717 smb:2609 d:- ref:0 ;
in:454 out:454 type:B dur:2 cpbdur:2 q:35.28 aq:35.03 tex:9018 mv:4312 misc:1686 imb:19 pmb:524 smb:3057 d:- ref:0 ;
in:453 out:455 type:b dur:2 cpbdur:2 q:35.28 aq:36.81 tex:7465 mv:3526 misc:1441 imb:15 pmb:429 smb:3156 d:- ref:0 ;
in:455 out:456 type:b dur:2 cpbdur:2 q:35.28 aq:36.60 tex:2141 mv:1475 misc:840 imb:6 pmb:165 smb:3429 d:- ref:0 ;
in:460 out:457 type:P dur:2 cpbdur:2 q:35.06 aq:28.87 tex:58750 mv:11047 misc:1739 imb:344 pmb:942 smb:2314 d:- ref:0 ;
in:458 out:458 type:B dur:2 cpbdur:2 q:35.17 aq:34.48 tex:10060 mv:5605 misc:1767 imb:18 pmb:635 smb:2947 d:- ref:0 ;
in:457 out:459 type:b dur:2 cpbdur:2 q:35.23 aq:37.02 tex:4324 mv:2961 misc:1435 imb:7 pmb:387 smb:3206 d:- ref:0 ;
in:459 out:460 type:b dur:2 cpbdur:2 q:35.11 aq:35.21 tex:3143 mv:2320 misc:1209 imb:6 pmb:280 smb:3314 d:- ref:0 ;
in:464 out:461 type:P dur:2 cpbdur:2 q:34.87 aq:30.15 tex:39966 mv:8817 misc:1881 imb:304 pmb:798 smb:2498 d:- ref:0 ;
in:462 out:462 type:B dur:2 cpbdur:2 q:34.96 aq:34.73 tex:11774 mv:5079 misc:1539 imb:19 pmb:528 smb:3053 d:- ref:0 ;
in:461 out:463 type:b dur:2 cpbdur:2 q:35.01 aq:36.12 tex:3764 mv:2984 misc:1300 imb:5 pmb:337 smb:3258 d:- ref:0 ;
in:463 out:464 type:b dur:2 cpbdur:2 q:34.92 aq:35.76 tex:4833 mv:2428 misc:1107 imb:4 pmb:295 smb:3301 d:- ref:0 ;
in:468 out:465 type:P dur:2 cpbdur:2 q:34.66 aq:29.24 tex:48526 mv:10325 misc:1765 imb:336 pmb:903 smb:2361 d:- ref:0 ;
in:466 out:466 type:B dur:2 cpbdur:2 q:34.76 aq:34.30 tex:12532 mv:5905 misc:1659 imb:36 pmb:583 smb:2981 d:- ref:0 ;
in:465 out:467 type:b dur:2 cpbdur:2 q:34.82 aq:36.81 tex:4629 mv:3000 misc:1483 imb:14 pmb:386 smb:3200 d:- ref:0 ;
in:467 out:468 type:b dur:2 cpbdur:2 q:34.71 aq:36.10 tex:3923 mv:2423 misc:1278 imb:3 pmb:306 smb:3291 d:- ref:0 ;
in:472 out:469 type:P dur:2 cpbdur:2 q:34.48 aq:28.91 tex:61303 mv:11634 misc:1735 imb:438 pmb:892 smb:2270 d:- ref:0 ;
in:470 out:470 type:B dur:2 cpbdur:2 q:34.57 aq:33.76 tex:16282 mv:6945 misc:1749 imb:40 pmb:673 smb:2887 d:- ref:0 ;
in:469 out:471 type:b dur:2 cpbdur:2 q:34.62 aq:35.35 tex:5696 mv:2819 misc:1125 imb:12 pmb:328 smb:3260 d:- ref:0 ;
in:471 out:472 type:b dur:2 cpbdur:2 q:34.53 aq:35.42 tex:8642 mv:3965 misc:1569 imb:16 pmb:452 smb:3132 d:- ref:0 ;
in:476 out:473 type:P dur:2 cpbdur:2 q:34.32 aq:27.53 tex:52663 mv:10576 misc:1673 imb:360 pmb:845 smb:2395 d:- ref:0 ;
in:474 out:474 type:B dur:2 cpbdur:2 q:34.40 aq:33.99 tex:15062 mv:6156 misc:1702 imb:32 pmb:626 smb:2942 d:- ref:0 ;
in:473 out:475 type:b dur:2 cpbdur:2 q:34.44 aq:34.87 tex:4708 mv:3125 misc:1231 imb:13 pmb:327 smb:3260 d:- ref:0 ;
in:475 out:476 type:b dur:2 cpbdur:2 q:34.36 aq:36.40 tex:5364 mv:2773 misc:1231 imb:13 pmb:318 smb:3269 d:- ref:0 ;
in:480 out:477 type:P dur:2 cpbdur:2 q:34.20 aq:28.63 tex:47699 mv:9876 misc:1705 imb:365 pmb:822 smb:2413 d:- ref:0 ;
in:478 out:478 type:B dur:2 cpbdur:2 q:34.26 aq:33.39 tex:20686 mv:7696 misc:1658 imb:48 pmb:687 smb:2865 d:- ref:0 ;
in:477 out:479 type:b dur:2 cpbdur:2 q:34.29 aq:35.58 tex:7050 mv:3666 misc:1420 imb:10 pmb:425 smb:3165 d:- ref:0 ;
in:479 out:480 type:b dur:2 cpbdur:2 q:34.23 aq:35.76 tex:6904 mv:3539 misc:1309 imb:4 pmb:395 smb:3201 d:- ref:0 ;
in:484 out:481 type:P dur:2 cpbdur:2 q:33.99 aq:27.62 tex:56969 mv:11161 misc:1734 imb:469 pmb:823 smb:2308 d:- ref:0 ;
in:482 out:482 type:B dur:2 cpbdur:2 q:34.09 aq:33.33 tex:21182 mv:8159 misc:1675 imb:44 pmb:707 smb:2849 d:- ref:0 ;
in:481 out:483 type:b dur:2 cpbdur:2 q:34.15 aq:35.39 tex:6757 mv:3306 misc:1449 imb:10 pmb:436 smb:3154 d:- ref:0 ;
in:483 out:484 type:b dur:2 cpbdur:2 q:34.04 aq:34.89 tex:6719 mv:3709 misc:1508 imb:16 pmb:463 smb:3121 d:- ref:0 ;
in:488 out:485 type:P dur:2 cpbdur:2 q:33.78 aq:28.12 tex:52533 mv:10208 misc:1683 imb:435 pmb:785 smb:2380 d:- ref:0 ;
in:486 out:486 type:B dur:2 cpbdur:2 q:33.89 aq:32.27 tex:11768 mv:5823 misc:1561 imb:36 pmb:554 smb:3010 d:- ref:0 ;
in:485 out:487 type:b dur:2 cpbdur:2 q:33.94 aq:35.07 tex:8722 mv:4252 misc:1450 imb:19 pmb:481 smb:3100 d:- ref:0 ;
in:487 out:488 type:b dur:2 cpbdur:2 q:33.84 aq:34.54 tex:8195 mv:3568 misc:1357 imb:17 pmb:402 smb:3181 d:- ref:0 ;
in:492 out:489 type:P dur:2 cpbdur:2 q:33.58 aq:27.62 tex:50063 mv:10060 misc:1597 imb:389 pmb:756 smb:2455 d:- ref:0 ;
in:490 out:490 type:B dur:2 cpbdur:2 q:33.68 aq:31.72 tex:17214 mv:6655 misc:1763 imb:35 pmb:655 smb:2910 d:- ref:0 ;
in:489 out:491 type:b dur:2 cpbdur:2 q:33.73 aq:34.93 tex:5904 mv:3216 misc:1288 imb:11 pmb:384 smb:3205 d:- ref:0 ;
in:491 out:492 type:b dur:2 cpbdur:2 q:33.63 aq:34.26 tex:7129 mv:4079 misc:1536 imb:11 pmb:478 smb:3111 d:- ref:0 ;
in:496 out:493 type:P dur:2 cpbdur:2 q:33.38 aq:28.56 tex:44453 mv:9677 misc:1518 imb:393 pmb:701 smb:2506 d:- ref:0 ;
in:494 out:494 type:B dur:2 cpbdur:2 q:33.48 aq:31.95 tex:18042 mv:6992 misc:1718 imb:29 pmb:718 smb:2853 d:- ref:0 ;
in:493 out:495 type:b dur:2 cpbdur:2 q:33.53 aq:34.90 tex:7532 mv:4088 misc:1524 imb:14 pmb:500 smb:3086 d:- ref:0 ;
in:495 out:496 type:b dur:2 cpbdur:2 q:33.43 aq:33.49 tex:5537 mv:3594 misc:1501 imb:20 pmb:442 smb:3138 d:- ref:0 ;
in:500 out:497 type:P dur:2 cpbdur:2 q:33.17 aq:27.24 tex:49811 mv:10535 misc:1542 imb:550 pmb:673 smb:2377 d:- ref:0 ;
in:498 out:498 type:B dur:2 cpbdur:2 q:33.28 aq:32.16 tex:19683 mv:7710 misc:1631 imb:34 pmb:745 smb:2821 d:- ref:0 ;
in:497 out:499 type:b dur:2 cpbdur:2 q:33.33 aq:34.30 tex:11071 mv:5458 misc:1599 imb:24 pmb:558 smb:3018 d:- ref:0 ;
in:499 out:500 type:b dur:2 cpbdur:2 q:33.22 aq:33.89 tex:6720 mv:3411 misc:1597 imb:10 pmb:463 smb:3127 d:- ref:0 ;
in:504 out:501 type:P dur:2 cpbdur:2 q:32.99 aq:31.82 tex:32463 mv:8382 misc:1515 imb:314 pmb:590 smb:2696 d:- ref:0 ;
in:502 out:502 type:B dur:2 cpbdur:2 q:33.08 aq:30.88 tex:29081 mv:8983 misc:1568 imb:63 pmb:780 smb:2757 d:- ref:0 ;
in:501 out:503 type:b dur:2 cpbdur:2 q:33.12 aq:33.86 tex:11744 mv:5963 misc:1533 imb:22 pmb:550 smb:3028 d:- ref:0 ;
in:503 out:504 type:b dur:2 cpbdur:2 q:33.03 aq:33.86 tex:10050 mv:4719 misc:1519 imb:23 pmb:526 smb:3051 d:- ref:0 ;
in:505 out:505 type:I dur:2 cpbdur:2 q:30.98 aq:19.40 tex:273124 mv:84324 misc:496 imb:3600 pmb:0 smb:0 d:- ref:;
in:509 out:506 type:P dur:2 cpbdur:2 q:33.34 aq:22.30 tex:10276 mv:5539 misc:2089 imb:278 pmb:494 smb:2828 d:- ref:0 ;
in:507 out:507 type:B dur:2 cpbdur:2 q:33.34 aq:29.60 tex:981 mv:1533 misc:782 imb:18 pmb:153 smb:3429 d:- ref:0 ;
in:506 out:508 type:b dur:2 cpbdur:2 q:33.34 aq:32.12 tex:147 mv:396 misc:417 imb:4 pmb:38 smb:3558 d:- ref:0 ;
in:508 out:509 type:b dur:2 cpbdur:2 q:33.34 aq:32.20 tex:376 mv:620 misc:500 imb:9 pmb:52 smb:3539 d:- ref:0 ;
in:513 out:510 type:P dur:2 cpbdur:2 q:33.12 aq:22.86 tex:9807 mv:5577 misc:1416 imb:395 pmb:334 smb:2871 d:- ref:0 ;
in:511 out:511 type:B dur:2 cpbdur:2 q:33.23 aq:25.37 tex:1418 mv:1639 misc:815 imb:42 pmb:139 smb:3419 d:- ref:0 ;
in:510 out:512 type:b dur:2 cpbdur:2 q:33.29 aq:31.55 tex:359 mv:519 misc:442 imb:9 pmb:44 smb:3547 d:- ref:0 ;
in:512 out:513 type:b dur:2 cpbdur:2 q:33.18 aq:27.05 tex:366 mv:586 misc:520 imb:7 pmb:61 smb:3532 d:- ref:0 ;
in:517 out:514 type:P dur:2 cpbdur:2 q:32.90 aq:22.11 tex:9354 mv:5296 misc:1446 imb:358 pmb:348 smb:2894 d:- ref:0 ;
in:515 out:515 type:B dur:2 cpbdur:2 q:33.01 aq:27.04 tex:1375 mv:1724 misc:821 imb:33 pmb:155 smb:3412 d:- ref:0 ;
in:514 out:516 type:b dur:2 cpbdur:2 q:33.07 aq:29.64 tex:519 mv:657 misc:528 imb:11 pmb:64 smb:3525 d:- ref:0 ;
in:516 out:517 type:b dur:2 cpbdur:2 q:32.96 aq:28.06 tex:468 mv:589 misc:471 imb:4 pmb:66 smb:3530 d:- ref:0 ;
in:521 out:518 type:P dur:2 cpbdur:2 q:32.67 aq:21.93 tex:13220 mv:7336 misc:1932 imb:408 pmb:574 smb:2618 d:- ref:0 ;
in:519 out:519 type:B dur:2 cpbdur:2 q:32.79 aq:25.78 tex:1794 mv:2023 misc:983 imb:36 pmb:208 smb:3356 d:- ref:0 ;
in:518 out:520 type:b dur:2 cpbdur:2 q:32.84 aq:26.45 tex:492 mv:571 misc:513 imb:12 pmb:55 smb:3533 d:- ref:0 ;
in:520 out:521 type:b dur:2 cpbdur:2 q:32.73 aq:27.63 tex:488 mv:516 misc:484 imb:13 pmb:48 smb:3539 d:- ref:0 ;
in:525 out:522 type:P dur:2 cpbdur:2 q:32.50 aq:23.39 tex:10249 mv:6251 misc:1812 imb:352 pmb:448 smb:2800 d:- ref:0 ;
in:523 out:523 type:B dur:2 cpbdur:2 q:32.59 aq:25.00 tex:1802 mv:2059 misc:1075 imb:51 pmb:197 smb:3352 d:- ref:0 ;
in:522 out:524 type:b dur:2 cpbdur:2 q:32.63 aq:27.42 tex:483 mv:561 misc:556 imb:10 pmb:57 smb:3533 d:- ref:0 ;
in:524 out:525 type:b dur:2 cpbdur:2 q:32.54 aq:27.81 tex:396 mv:557 misc:527 imb:7 pmb:62 smb:3531 d:- ref:0 ;
in:529 out:526 type:P dur:2 cpbdur:2 q:32.45 aq:21.46 tex:14078 mv:7440 misc:2218 imb:454 pmb:612 smb:2534 d:- ref:0 ;
in:527 out:527 type:B dur:2 cpbdur:2 q:32.48 aq:24.43 tex:1463 mv:1939 misc:1014 imb:29 pmb:185 smb:3386 d:- ref:0 ;
in:526 out:528 type:b dur:2 cpbdur:2 q:32.49 aq:25.86 tex:486 mv:502 misc:516 imb:13 pmb:51 smb:3536 d:- ref:0 ;
in:528 out:529 type:b dur:2 cpbdur:2 q:32.46 aq:26.40 tex:347 mv:597 misc:520 imb:8 pmb:59 smb:3533 d:- ref:0 ;
in:533 out:530 type:P dur:2 cpbdur:2 q:32.43 aq:22.72 tex:8450 mv:4597 misc:1465 imb:318 pmb:302 smb:2980 d:- ref:0 ;
in:531 out:531 type:B dur:2 cpbdur:2 q:32.44 aq:24.83 tex:1222 mv:1492 misc:790 imb:33 pmb:131 smb:3436 d:- ref:0 ;
in:530 out:532 type:b dur:2 cpbdur:2 q:32.44 aq:26.33 tex:474 mv:597 misc:513 imb:16 pmb:51 smb:3533 d:- ref:0 ;
in:532 out:533 type:b dur:2 cpbdur:2 q:32.43 aq:26.04 tex:122 mv:118 misc:336 imb:0 pmb:19 smb:3581 d:- ref:0 ;
in:537 out:534 type:P dur:2 cpbdur:2 q:32.36 aq:23.56 tex:9389 mv:6498 misc:1649 imb:386 pmb:426 smb:2788 d:- ref:0 ;
in:535 out:535 type:B dur:2 cpbdur:2 q:32.39 aq:26.21 tex:1407 mv:1506 misc:895 imb:27 pmb:145 smb:3428 d:- ref:0 ;
in:534 out:536 type:b dur:2 cpbdur:2 q:32.41 aq:28.22 tex:265 mv:421 misc:522 imb:3 pmb:55 smb:3542 d:- ref:0 ;
in:536 out:537 type:b dur:2 cpbdur:2 q:32.38 aq:29.12 tex:319 mv:338 misc:455 imb:5 pmb:37 smb:3558 d:- ref:0 ;
in:541 out:538 type:P dur:2 cpbdur:2 q:32.30 aq:25.63 tex:8859 mv:6282 misc:1323 imb:401 pmb:362 smb:2837 d:- ref:0 ;
in:539 out:539 type:B dur:2 cpbdur:2 q:32.33 aq:26.07 tex:1262 mv:1394 misc:832 imb:28 pmb:131 smb:3441 d:- ref:0 ;
in:538 out:540 type:b dur:2 cpbdur:2 q:32.35 aq:23.95 tex:404 mv:357 misc:479 imb:9 pmb:42 smb:3549 d:- ref:0 ;
in:540 out:541 type:b dur:2 cpbdur:2 q:32.31 aq:26.63 tex:396 mv:344 misc:500 imb:8 pmb:46 smb:3546 d:- ref:0 ;
in:545 out:542 type:P dur:2 cpbdur:2 q:32.24 aq:24.11 tex:6172 mv:5091 misc:1241 imb:360 pmb:275 smb:2965 d:- ref:0 ;
in:543 out:543 type:B dur:2 cpbdur:2 q:32.27 aq:27.09 tex:1243 mv:1251 misc:850 imb:23 pmb:133 smb:3444 d:- ref:0 ;
in:542 out:544 type:b dur:2 cpbdur:2 q:32.28 aq:23.99 tex:268 mv:252 misc:440 imb:1 pmb:45 smb:3554 d:- ref:0 ;
in:544 out:545 type:b dur:2 cpbdur:2 q:32.25 aq:28.29 tex:242 mv:190 misc:392 imb:1 pmb:29 smb:3570 d:- ref:0 ;
in:548 out:546 type:P dur:2 cpbdur:2 q:32.17 aq:29.42 tex:2243 mv:2503 misc:1062 imb:149 pmb:152 smb:3299 d:- ref:0 ;
in:546 out:547 type:B dur:2 cpbdur:2 q:32.21 aq:27.01 tex:324 mv:344 misc:444 imb:10 pmb:32 smb:3558 d:- ref:0 ;
in:547 out:548 type:b dur:2 cpbdur:2 q:32.19 aq:25.55 tex:635 mv:445 misc:624 imb:13 pmb:72 smb:3515 d:- ref:0 ;
in:549 out:549 type:I dur:2 cpbdur:2 q:29.69 aq:20.53 tex:48978 mv:21621 misc:481 imb:3600 pmb:0 smb:0 d:- ref:;
in:553 out:550 type:P dur:2 cpbdur:2 q:32.11 aq:24.69 tex:24039 mv:18134 misc:1875 imb:1917 pmb:508 smb:1175 d:- ref:0 ;
in:551 out:551 type:B dur:2 cpbdur:2 q:32.11 aq:24.72 tex:9019 mv:13554 misc:2899 imb:449 pmb:876 smb:2275 d:- ref:0 ;
in:550 out:552 type:b dur:2 cpbdur:2 q:32.11 aq:25.56 tex:2985 mv:6432 misc:2231 imb:119 pmb:551 smb:2930 d:- ref:0 ;
in:552 out:553 type:b dur:2 cpbdur:2 q:32.11 aq:24.86 tex:3732 mv:6670 misc:2598 imb:165 pmb:611 smb:2824 d:- ref:0 ;
in:557 out:554 type:P dur:2 cpbdur:2 q:32.05 aq:24.51 tex:27839 mv:20407 misc:1850 imb:2091 pmb:598 smb:911 d:- ref:0 ;
in:555 out:555 type:B dur:2 cpbdur:2 q:32.08 aq:25.38 tex:10239 mv:14279 misc:2978 imb:448 pmb:935 smb:2217 d:- ref:0 ;
in:554 out:556 type:b dur:2 cpbdur:2 q:32.10 aq:25.21 tex:4380 mv:6701 misc:2439 imb:150 pmb:581 smb:2869 d:- ref:0 ;
in:556 out:557 type:b dur:2 cpbdur:2 q:32.07 aq:25.32 tex:5390 mv:8596 misc:2766 imb:206 pmb:718 smb:2676 d:- ref:0 ;
in:561 out:558 type:P dur:2 cpbdur:2 q:31.99 aq:24.92 tex:24663 mv:19527 misc:2034 imb:1953 pmb:562 smb:1085 d:- ref:0 ;
in:559 out:559 type:B dur:2 cpbdur:2 q:32.02 aq:25.55 tex:10591 mv:14668 misc:3093 imb:430 pmb:971 smb:2199 d:- ref:0 ;
in:558 out:560 type:b dur:2 cpbdur:2 q:32.03 aq:25.16 tex:5422 mv:7766 misc:2692 imb:169 pmb:721 smb:2710 d:- ref:0 ;
in:560 out:561 type:b dur:2 cpbdur:2 q:32.00 aq:25.51 tex:6353 mv:9150 misc:2761 imb:232 pmb:754 smb:2614 d:- ref:0 ;
in:565 out:562 type:P dur:2 cpbdur:2 q:31.93 aq:25.01 tex:25442 mv:19535 misc:1815 imb:2083 pmb:522 smb:995 d:- ref:0 ;
in:563 out:563 type:B dur:2 cpbdur:2 q:31.96 aq:24.59 tex:12351 mv:16540 misc:3005 imb:550 pmb:1045 smb:2005 d:- ref:0 ;
in:562 out:564 type:b dur:2 cpbdur:2 q:31.97 aq:25.20 tex:6941 mv:10928 misc:2779 imb:263 pmb:853 smb:2484 d:- ref:0 ;
in:564 out:565 type:b dur:2 cpbdur:2 q:31.94 aq:24.93 tex:3980 mv:5606 misc:2054 imb:127 pmb:458 smb:3015 d:- ref:0 ;
in:567 out:566 type:P dur:2 cpbdur:2 q:31.87 aq:24.42 tex:28725 mv:20379 misc:2032 imb:1884 pmb:679 smb:1037 d:- ref:0 ;
in:566 out:567 type:b dur:2 cpbdur:2 q:31.90 aq:25.38 tex:7396 mv:10164 misc:2784 imb:263 pmb:845 smb:2492 d:- ref:0 ;
in:571 out:568 type:P dur:2 cpbdur:2 q:31.83 aq:25.55 tex:29127 mv:20464 misc:1697 imb:2183 pmb:537 smb:880 d:- ref:0 ;
in:569 out:569 type:B dur:2 cpbdur:2 q:31.85 aq:25.37 tex:13059 mv:17469 misc:3216 imb:602 pmb:1066 smb:1932 d:- ref:0 ;
in:568 out:570 type:b dur:2 cpbdur:2 q:31.86 aq:25.73 tex:5000 mv:7920 misc:2816 imb:143 pmb:807 smb:2650 d:- ref:0 ;
in:570 out:571 type:b dur:2 cpbdur:2 q:31.84 aq:25.89 tex:6370 mv:8782 misc:2776 imb:211 pmb:733 smb:2656 d:- ref:0 ;
in:572 out:572 type:P dur:2 cpbdur:2 q:31.79 aq:25.71 tex:13521 mv:13899 misc:2908 imb:977 pmb:681 smb:1942 d:- ref:0 ;
in:573 out:573 type:I dur:2 cpbdur:2 q:29.24 aq:21.23 tex:57692 mv:23464 misc:468 imb:3600 pmb:0 smb:0 d:- ref:;
in:577 out:574 type:P dur:2 cpbdur:2 q:31.76 aq:23.62 tex:31570 mv:21946 misc:1444 imb:2302 pmb:571 smb:727 d:- ref:0 ;
in:575 out:575 type:B dur:2 cpbdur:2 q:31.76 aq:24.83 tex:12253 mv:17486 misc:3149 imb:592 pmb:1064 smb:1944 d:- ref:0 ;
in:574 out:576 type:b dur:2 cpbdur:2 q:31.76 aq:25.61 tex:3803 mv:6548 misc:2529 imb:124 pmb:660 smb:2816 d:- ref:0 ;
in:576 out:577 type:b dur:2 cpbdur:2 q:31.76 aq:25.08 tex:9037 mv:13591 misc:3244 imb:396 pmb:1040 smb:2164 d:- ref:0 ;
in:581 out:578 type:P dur:2 cpbdur:2 q:31.71 aq:23.40 tex:25462 mv:20194 misc:1960 imb:1887 pmb:676 smb:1037 d:- ref:0 ;
in:579 out:579 type:B dur:2 cpbdur:2 q:31.73 aq:24.70 tex:9930 mv:14931 misc:3035 imb:440 pmb:1044 smb:2116 d:- ref:0 ;
in:578 out:580 type:b dur:2 cpbdur:2 q:31.75 aq:25.06 tex:3411 mv:6989 misc:2624 imb:144 pmb:685 smb:2771 d:- ref:0 ;
in:580 out:581 type:b dur:2 cpbdur:2 q:31.72 aq:25.43 tex:4287 mv:6433 misc:2408 imb:123 pmb:579 smb:2898 d:- ref:0 ;
in:585 out:582 type:P dur:2 cpbdur:2 q:31.66 aq:24.78 tex:24612 mv:18456 misc:1812 imb:1753 pmb:592 smb:1255 d:- ref:0 ;
in:583 out:583 type:B dur:2 cpbdur:2 q:31.69 aq:24.81 tex:9801 mv:13839 misc:2792 imb:396 pmb:950 smb:2254 d:- ref:0 ;
in:582 out:584 type:b dur:2 cpbdur:2 q:31.70 aq:25.50 tex:4323 mv:7696 misc:2645 imb:118 pmb:744 smb:2738 d:- ref:0 ;
in:584 out:585 type:b dur:2 cpbdur:2 q:31.67 aq:25.06 tex:5630 mv:8102 misc:2412 imb:209 pmb:628 smb:2763 d:- ref:0 ;
in:589 out:586 type:P dur:2 cpbdur:2 q:31.62 aq:25.31 tex:23653 mv:17514 misc:1961 imb:1693 pmb:584 smb:1323 d:- ref:0 ;
in:587 out:587 type:B dur:2 cpbdur:2 q:31.64 aq:24.96 tex:10013 mv:13215 misc:2780 imb:402 pmb:911 smb:2287 d:- ref:0 ;
in:586 out:588 type:b dur:2 cpbdur:2 q:31.65 aq:25.40 tex:3881 mv:6371 misc:2332 imb:138 pmb:576 smb:2886 d:- ref:0 ;
in:588 out:589 type:b dur:2 cpbdur:2 q:31.63 aq:25.51 tex:4398 mv:5949 misc:2373 imb:139 pmb:557 smb:2904 d:- ref:0 ;
in:593 out:590 type:P dur:2 cpbdur:2 q:31.57 aq:25.10 tex:23668 mv:17636 misc:2048 imb:1715 pmb:562 smb:1323 d:- ref:0 ;
in:591 out:591 type:B dur:2 cpbdur:2 q:31.59 aq:25.03 tex:11128 mv:14066 misc:2694 imb:467 pmb:903 smb:2230 d:- ref:0 ;
in:590 out:592 type:b dur:2 cpbdur:2 q:31.60 aq:25.50 tex:5868 mv:8013 misc:2375 imb:271 pmb:557 smb:2772 d:- ref:0 ;
in:592 out:593 type:b dur:2 cpbdur:2 q:31.58 aq:25.64 tex:3760 mv:6831 misc:2569 imb:150 pmb:654 smb:2796 d:- ref:0 ;
in:594 out:594 type:P dur:2 cpbdur:2 q:31.52 aq:25.31 tex:11703 mv:12394 misc:2767 imb:878 pmb:646 smb:2076 d:- ref:0 ;
in:595 out:595 type:i dur:2 cpbdur:2 q:28.91 aq:21.02 tex:51648 mv:21045 misc:163 imb:3600 pmb:0 smb:0 d:- ref:;
in:596 out:596 type:P dur:2 cpbdur:2 q:31.51 aq:25.21 tex:4711 mv:6405 misc:2340 imb:354 pmb:435 smb:2811 d:- ref:0 ;
in:597 out:597 type:P dur:2 cpbdur:2 q:31.50 aq:25.15 tex:18465 mv:16097 misc:2246 imb:1367 pmb:643 smb:1590 d:- ref:0 ;
in:598 out:598 type:I dur:2 cpbdur:2 q:28.88 aq:21.05 tex:335798 mv:104599 misc:491 imb:3600 pmb:0 smb:0 d:- ref:;
in:602 out:599 type:P dur:2 cpbdur:2 q:31.47 aq:23.71 tex:80876 mv:13309 misc:2791 imb:370 pmb:1472 smb:1758 d:- ref:0 ;
in:600 out:600 type:B dur:2 cpbdur:2 q:31.47 aq:30.00 tex:16046 mv:6642 misc:2080 imb:51 pmb:680 smb:2869 d:- ref:0 ;
in:599 out:601 type:b dur:2 cpbdur:2 q:31.47 aq:29.45 tex:2989 mv:2833 misc:1450 imb:7 pmb:361 smb:3232 d:- ref:0 ;
in:601 out:602 type:b dur:2 cpbdur:2 q:31.47 aq:29.17 tex:1973 mv:2640 misc:1419 imb:6 pmb:298 smb:3296 d:- ref:0 ;
in:606 out:603 type:P dur:2 cpbdur:2 q:31.42 aq:23.81 tex:85727 mv:14632 misc:2897 imb:330 pmb:1641 smb:1629 d:- ref:0 ;
in:604 out:604 type:B dur:2 cpbdur:2 q:31.45 aq:28.27 tex:7940 mv:5412 misc:2160 imb:28 pmb:593 smb:2979 d:- ref:0 ;
in:603 out:605 type:b dur:2 cpbdur:2 q:31.46 aq:30.12 tex:4340 mv:3233 misc:1459 imb:13 pmb:358 smb:3229 d:- ref:0 ;
in:605 out:606 type:b dur:2 cpbdur:2 q:31.44 aq:31.43 tex:858 mv:2405 misc:1305 imb:1 pmb:261 smb:3338 d:- ref:0 ;
in:610 out:607 type:P dur:2 cpbdur:2 q:31.38 aq:23.61 tex:88147 mv:18222 misc:2367 imb:687 pmb:1987 smb:926 d:- ref:0 ;
in:608 out:608 type:B dur:2 cpbdur:2 q:31.40 aq:28.44 tex:4579 mv:4838 misc:2119 imb:27 pmb:562 smb:3011 d:- ref:0 ;
in:607 out:609 type:b dur:2 cpbdur:2 q:31.41 aq:25.12 tex:2638 mv:2399 misc:1411 imb:26 pmb:322 smb:3252 d:- ref:0 ;
in:609 out:610 type:b dur:2 cpbdur:2 q:31.39 aq:26.07 tex:1034 mv:1989 misc:1289 imb:18 pmb:241 smb:3341 d:- ref:0 ;
in:614 out:611 type:P dur:2 cpbdur:2 q:31.33 aq:22.98 tex:88763 mv:17639 misc:2414 imb:660 pmb:2068 smb:872 d:- ref:0 ;
in:612 out:612 type:B dur:2 cpbdur:2 q:31.35 aq:24.77 tex:4751 mv:3985 misc:2376 imb:36 pmb:653 smb:2911 d:- ref:0 ;
in:611 out:613 type:b dur:2 cpbdur:2 q:31.37 aq:26.26 tex:1010 mv:1705 misc:1229 imb:4 pmb:221 smb:3375 d:- ref:0 ;
in:613 out:614 type:b dur:2 cpbdur:2 q:31.34 aq:24.55 tex:696 mv:661 misc:763 imb:13 pmb:94 smb:3493 d:- ref:0 ;
in:618 out:615 type:P dur:2 cpbdur:2 q:31.28 aq:23.96 tex:41429 mv:7850 misc:2849 imb:92 pmb:1459 smb:2049 d:- ref:0 ;
in:616 out:616 type:B dur:2 cpbdur:2 q:31.31 aq:26.21 tex:5099 mv:1850 misc:1163 imb:13 pmb:311 smb:3276 d:- ref:0 ;
in:615 out:617 type:b dur:2 cpbdur:2 q:31.32 aq:27.79 tex:487 mv:655 misc:818 imb:2 pmb:131 smb:3467 d:- ref:0 ;
in:617 out:618 type:b dur:2 cpbdur:2 q:31.30 aq:26.51 tex:781 mv:534 misc:549 imb:5 pmb:66 smb:3529 d:- ref:0 ;
in:622 out:619 type:P dur:2 cpbdur:2 q:31.24 aq:23.73 tex:67482 mv:14181 misc:2849 imb:500 pmb:1746 smb:1354 d:- ref:0 ;
in:620 out:620 type:B dur:2 cpbdur:2 q:31.26 aq:25.01 tex:3379 mv:2723 misc:1690 imb:14 pmb:468 smb:3118 d:- ref:0 ;
in:619 out:621 type:b dur:2 cpbdur:2 q:31.27 aq:25.77 tex:224 mv:213 misc:419 imb:1 pmb:36 smb:3563 d:- ref:0 ;
in:621 out:622 type:b dur:2 cpbdur:2 q:31.25 aq:24.58 tex:2303 mv:1043 misc:862 imb:19 pmb:182 smb:3399 d:- ref:0 ;
in:626 out:623 type:P dur:2 cpbdur:2 q:31.24 aq:23.60 tex:62329 mv:13435 misc:2860 imb:467 pmb:1671 smb:1462 d:- ref:0 ;
in:624 out:624 type:B dur:2 cpbdur:2 q:31.24 aq:25.21 tex:14153 mv:6989 misc:1930 imb:263 pmb:641 smb:2696 d:- ref:0 ;
in:623 out:625 type:b dur:2 cpbdur:2 q:31.24 aq:27.42 tex:1701 mv:773 misc:870 imb:6 pmb:158 smb:3436 d:- ref:0 ;
in:625 out:626 type:b dur:2 cpbdur:2 q:31.24 aq:24.35 tex:910 mv:940 misc:950 imb:21 pmb:143 smb:3436 d:- ref:0 ;
in:630 out:627 type:P dur:2 cpbdur:2 q:31.20 aq:23.19 tex:49741 mv:10438 misc:2837 imb:307 pmb:1376 smb:1917 d:- ref:0 ;
in:628 out:628 type:B dur:2 cpbdur:2 q:31.22 aq:27.28 tex:11727 mv:4744 misc:1785 imb:63 pmb:562 smb:2975 d:- ref:0 ;
in:627 out:629 type:b dur:2 cpbdur:2 q:31.23 aq:32.97 tex:1803 mv:583 misc:702 imb:4 pmb:118 smb:3478 d:- ref:0 ;
in:629 out:630 type:b dur:2 cpbdur:2 q:31.21 aq:29.76 tex:859 mv:1060 misc:1009 imb:2 pmb:202 smb:3396 d:- ref:0 ;
in:634 out:631 type:P dur:2 cpbdur:2 q:31.15 aq:23.95 tex:41754 mv:9797 misc:3177 imb:184 pmb:1447 smb:1969 d:- ref:0 ;
in:632 out:632 type:B dur:2 cpbdur:2 q:31.18 aq:25.58 tex:5885 mv:2198 misc:1525 imb:30 pmb:362 smb:3208 d:- ref:0 ;
in:631 out:633 type:b dur:2 cpbdur:2 q:31.19 aq:28.45 tex:3518 mv:813 misc:685 imb:17 pmb:137 smb:3446 d:- ref:0 ;
in:633 out:634 type:b dur:2 cpbdur:2 q:31.17 aq:27.20 tex:610 mv:770 misc:812 imb:14 pmb:123 smb:3463 d:- ref:0 ;
in:638 out:635 type:P dur:2 cpbdur:2 q:31.11 aq:24.73 tex:44936 mv:7326 misc:2066 imb:259 pmb:884 smb:2457 d:- ref:0 ;
in:636 out:636 type:B dur:2 cpbdur:2 q:31.13 aq:27.59 tex:19676 mv:4617 misc:1707 imb:73 pmb:609 smb:2918 d:- ref:0 ;
in:635 out:637 type:b dur:2 cpbdur:2 q:31.14 aq:27.27 tex:5128 mv:1551 misc:1009 imb:34 pmb:240 smb:3326 d:- ref:0 ;
in:637 out:638 type:b dur:2 cpbdur:2 q:31.12 aq:23.94 tex:635 mv:586 misc:771 imb:15 pmb:117 smb:3468 d:- ref:0 ;
in:642 out:639 type:P dur:2 cpbdur:2 q:31.06 aq:28.38 tex:25192 mv:4859 misc:1197 imb:190 pmb:528 smb:2882 d:- ref:0 ;
in:640 out:640 type:B dur:2 cpbdur:2 q:31.09 aq:26.46 tex:17059 mv:4140 misc:1425 imb:86 pmb:543 smb:2971 d:- ref:0 ;
in:639 out:641 type:b dur:2 cpbdur:2 q:31.10 aq:31.82 tex:587 mv:625 misc:892 imb:2 pmb:165 smb:3433 d:- ref:0 ;
in:641 out:642 type:b dur:2 cpbdur:2 q:31.08 aq:27.64 tex:4277 mv:1195 misc:1008 imb:3 pmb:244 smb:3353 d:- ref:0 ;
in:643 out:643 type:I dur:2 cpbdur:2 q:28.35 aq:18.71 tex:83068 mv:34245 misc:519 imb:3600 pmb:0 smb:0 d:- ref:;
in:644 out:644 type:P dur:2 cpbdur:2 q:31.01 aq:21.24 tex:57553 mv:8909 misc:2074 imb:1146 pmb:471 smb:1983 d:- ref:0 ;
in:648 out:645 type:P dur:2 cpbdur:2 q:31.00 aq:20.74 tex:108670 mv:20104 misc:1298 imb:2527 pmb:785 smb:288 d:- ref:0 ;
in:646 out:646 type:B dur:2 cpbdur:2 q:31.00 aq:20.49 tex:39403 mv:23106 misc:1699 imb:1958 pmb:903 smb:739 d:- ref:0 ;
in:645 out:647 type:b dur:2 cpbdur:2 q:31.00 aq:21.44 tex:3236 mv:2041 misc:1691 imb:58 pmb:566 smb:2976 d:- ref:0 ;
in:647 out:648 type:b dur:2 cpbdur:2 q:31.00 aq:22.22 tex:36543 mv:15671 misc:2690 imb:1117 pmb:1102 smb:1381 d:- ref:0 ;
in:651 out:649 type:P dur:2 cpbdur:2 q:30.96 aq:23.14 tex:70478 mv:14392 misc:2170 imb:1577 pmb:655 smb:1368 d:- ref:0 ;
in:649 out:650 type:B dur:2 cpbdur:2 q:30.99 aq:24.78 tex:982 mv:972 misc:1406 imb:14 pmb:306 smb:3280 d:- ref:0 ;
in:650 out:651 type:b dur:2 cpbdur:2 q:30.97 aq:21.32 tex:2037 mv:1506 misc:1577 imb:33 pmb:474 smb:3093 d:- ref:0 ;
in:653 out:652 type:P dur:2 cpbdur:2 q:30.92 aq:23.29 tex:96257 mv:17071 misc:1640 imb:2221 pmb:682 smb:697 d:- ref:0 ;
in:652 out:653 type:b dur:2 cpbdur:2 q:30.94 aq:26.13 tex:1614 mv:1073 misc:1313 imb:34 pmb:245 smb:3321 d:- ref:0 ;
in:655 out:654 type:P dur:2 cpbdur:2 q:30.90 aq:22.19 tex:148805 mv:21257 misc:1226 imb:2533 pmb:828 smb:239 d:- ref:0 w:5,31,2,5,32,0,31,3 ;
in:654 out:655 type:b dur:2 cpbdur:2 q:30.91 aq:23.85 tex:53787 mv:23160 misc:2317 imb:1753 pmb:967 smb:880 d:- ref:0 ;
in:657 out:656 type:P dur:2 cpbdur:2 q:30.87 aq:26.49 tex:15042 mv:1478 misc:776 imb:108 pmb:119 smb:3373 d:- ref:0 ;
in:656 out:657 type:b dur:2 cpbdur:2 q:30.88 aq:22.25 tex:256 mv:248 misc:616 imb:1 pmb:104 smb:3495 d:- ref:0 ;
in:660 out:658 type:P dur:2 cpbdur:2 q:30.85 aq:25.33 tex:151406 mv:20911 misc:779 imb:2938 pmb:553 smb:109 d:- ref:0 ;
in:658 out:659 type:B dur:2 cpbdur:2 q:30.87 aq:24.86 tex:81502 mv:21707 misc:2639 imb:1301 pmb:1173 smb:1126 d:- ref:0 ;
in:659 out:660 type:b dur:2 cpbdur:2 q:30.86 aq:23.37 tex:20753 mv:3705 misc:1854 imb:124 pmb:579 smb:2897 d:- ref:0 ;
in:661 out:661 type:P dur:2 cpbdur:2 q:30.82 aq:23.69 tex:127989 mv:22098 misc:1089 imb:2444 pmb:904 smb:252 d:- ref:0 ;
in:664 out:662 type:P dur:2 cpbdur:2 q:30.81 aq:23.76 tex:94730 mv:16865 misc:2053 imb:1359 pmb:984 smb:1257 d:- ref:0 ;
in:662 out:663 type:B dur:2 cpbdur:2 q:30.81 aq:27.36 tex:69468 mv:10433 misc:2395 imb:355 pmb:995 smb:2250 d:- ref:0 ;
in:663 out:664 type:b dur:2 cpbdur:2 q:30.81 aq:24.42 tex:957 mv:1093 misc:1590 imb:7 pmb:413 smb:3180 d:- ref:0 ;
in:668 out:665 type:P dur:2 cpbdur:2 q:30.78 aq:23.74 tex:140358 mv:24016 misc:1130 imb:1853 pmb:1482 smb:265 d:- ref:0 ;
in:666 out:666 type:B dur:2 cpbdur:2 q:30.79 aq:25.60 tex:84963 mv:17111 misc:2990 imb:500 pmb:1755 smb:1345 d:- ref:0 ;
in:665 out:667 type:b dur:2 cpbdur:2 q:30.80 aq:26.38 tex:14840 mv:5416 misc:3016 imb:119 pmb:1044 smb:2437 d:- ref:0 ;
in:667 out:668 type:b dur:2 cpbdur:2 q:30.78 aq:28.15 tex:8449 mv:2823 misc:1984 imb:63 pmb:497 smb:3040 d:- ref:0 ;
in:672 out:669 type:P dur:2 cpbdur:2 q:30.75 aq:23.79 tex:111893 mv:18867 misc:2224 imb:1178 pmb:1436 smb:986 d:- ref:0 ;
in:670 out:670 type:B dur:2 cpbdur:2 q:30.76 aq:25.54 tex:81138 mv:13131 misc:2819 imb:297 pmb:1562 smb:1741 d:- ref:0 ;
in:669 out:671 type:b dur:2 cpbdur:2 q:30.77 aq:23.85 tex:3304 mv:1382 misc:1474 imb:20 pmb:362 smb:3218 d:- ref:0 ;
in:671 out:672 type:b dur:2 cpbdur:2 q:30.76 aq:24.18 tex:2152 mv:1688 misc:1896 imb:21 pmb:529 smb:3050 d:- ref:0 ;
in:676 out:673 type:P dur:2 cpbdur:2 q:30.72 aq:23.97 tex:121113 mv:18917 misc:2330 imb:1063 pmb:1451 smb:1086 d:- ref:0 ;
in:674 out:674 type:B dur:2 cpbdur:2 q:30.73 aq:26.80 tex:42457 mv:9729 misc:2614 imb:180 pmb:1205 smb:2215 d:- ref:0 ;
in:673 out:675 type:b dur:2 cpbdur:2 q:30.74 aq:25.63 tex:631 mv:916 misc:1589 imb:3 pmb:385 smb:3212 d:- ref:0 ;
in:675 out:676 type:b dur:2 cpbdur:2 q:30.72 aq:28.76 tex:47461 mv:10354 misc:2689 imb:349 pmb:1047 smb:2204 d:- ref:0 ;
in:680 out:677 type:P dur:2 cpbdur:2 q:30.70 aq:23.94 tex:100136 mv:18312 misc:2392 imb:1168 pmb:1446 smb:986 d:- ref:0 ;
in:678 out:678 type:B dur:2 cpbdur:2 q:30.71 aq:26.93 tex:37640 mv:9216 misc:2968 imb:131 pmb:1385 smb:2084 d:- ref:0 ;
in:677 out:679 type:b dur:2 cpbdur:2 q:30.71 aq:24.18 tex:983 mv:1454 misc:1627 imb:42 pmb:375 smb:3183 d:- ref:0 ;
in:679 out:680 type:b dur:2 cpbdur:2 q:30.71 aq:24.43 tex:1094 mv:981 misc:1701 imb:5 pmb:450 smb:3145 d:- ref:0 ;
in:682 out:681 type:P dur:2 cpbdur:2 q:30.68 aq:25.51 tex:124941 mv:18220 misc:2239 imb:1659 pmb:1086 smb:855 d:- ref:0 ;
in:681 out:682 type:b dur:2 cpbdur:2 q:30.69 aq:26.36 tex:2557 mv:935 misc:1108 imb:20 pmb:230 smb:3350 d:- ref:0 ;
in:686 out:683 type:P dur:2 cpbdur:2 q:30.67 aq:27.97 tex:212799 mv:18479 misc:1890 imb:1638 pmb:1026 smb:936 d:- ref:0 ;
in:684 out:684 type:B dur:2 cpbdur:2 q:30.68 aq:25.00 tex:121767 mv:20219 misc:2638 imb:536 pmb:1756 smb:1308 d:- ref:0 ;
in:683 out:685 type:b dur:2 cpbdur:2 q:30.68 aq:26.82 tex:736 mv:362 misc:662 imb:6 pmb:113 smb:3481 d:- ref:0 ;
in:685 out:686 type:b dur:2 cpbdur:2 q:30.68 aq:23.60 tex:421 mv:437 misc:966 imb:4 pmb:217 smb:3379 d:- ref:0 ;
in:687 out:687 type:I dur:2 cpbdur:2 q:27.90 aq:23.67 tex:392346 mv:98156 misc:562 imb:3600 pmb:0 smb:0 d:- ref:;
in:690 out:688 type:P dur:2 cpbdur:2 q:30.66 aq:29.23 tex:232920 mv:20573 misc:1235 imb:2336 pmb:901 smb:363 d:- ref:0 ;
in:688 out:689 type:B dur:2 cpbdur:2 q:30.66 aq:27.33 tex:340 mv:309 misc:535 imb:8 pmb:67 smb:3525 d:- ref:0 ;
in:689 out:690 type:b dur:2 cpbdur:2 q:30.66 aq:30.74 tex:205507 mv:23483 misc:2266 imb:867 pmb:1767 smb:966 d:- ref:0 ;
in:691 out:691 type:i dur:2 cpbdur:2 q:27.88 aq:15.81 tex:288352 mv:73594 misc:230 imb:3600 pmb:0 smb:0 d:- ref:;
in:695 out:692 type:P dur:2 cpbdur:2 q:30.64 aq:19.43 tex:30984 mv:5529 misc:1711 imb:243 pmb:459 smb:2898 d:- ref:0 ;
in:693 out:693 type:B dur:2 cpbdur:2 q:30.64 aq:24.27 tex:15744 mv:4205 misc:699 imb:34 pmb:249 smb:3317 d:- ref:0 ;
in:692 out:694 type:b dur:2 cpbdur:2 q:30.64 aq:30.65 tex:6019 mv:2597 misc:560 imb:6 pmb:199 smb:3395 d:- ref:0 ;
in:694 out:695 type:b dur:2 cpbdur:2 q:30.64 aq:26.97 tex:6320 mv:2419 misc:549 imb:10 pmb:203 smb:3387 d:- ref:0 ;
in:699 out:696 type:P dur:2 cpbdur:2 q:30.61 aq:18.76 tex:29763 mv:7624 misc:1661 imb:467 pmb:525 smb:2608 d:- ref:0 ;
in:697 out:697 type:B dur:2 cpbdur:2 q:30.62 aq:22.53 tex:19262 mv:4869 misc:1069 imb:52 pmb:376 smb:3172 d:- ref:0 ;
in:696 out:698 type:b dur:2 cpbdur:2 q:30.63 aq:28.30 tex:7982 mv:2867 misc:623 imb:13 pmb:226 smb:3361 d:- ref:0 ;
in:698 out:699 type:b dur:2 cpbdur:2 q:30.61 aq:25.38 tex:7279 mv:2844 misc:941 imb:23 pmb:273 smb:3304 d:- ref:0 ;
in:703 out:700 type:P dur:2 cpbdur:2 q:30.58 aq:19.23 tex:24004 mv:5861 misc:1575 imb:374 pmb:408 smb:2818 d:- ref:0 ;
in:701 out:701 type:B dur:2 cpbdur:2 q:30.59 aq:22.45 tex:11928 mv:4045 misc:1139 imb:58 pmb:303 smb:3239 d:- ref:0 ;
in:700 out:702 type:b dur:2 cpbdur:2 q:30.60 aq:27.11 tex:4924 mv:2106 misc:698 imb:8 pmb:199 smb:3393 d:- ref:0 ;
in:702 out:703 type:b dur:2 cpbdur:2 q:30.59 aq:22.71 tex:8570 mv:3229 misc:713 imb:33 pmb:241 smb:3326 d:- ref:0 ;
in:707 out:704 type:P dur:2 cpbdur:2 q:30.54 aq:19.23 tex:24194 mv:5532 misc:1234 imb:430 pmb:319 smb:2851 d:- ref:0 ;
in:705 out:705 type:B dur:2 cpbdur:2 q:30.56 aq:21.69 tex:12721 mv:3689 misc:966 imb:51 pmb:272 smb:3277 d:- ref:0 ;
in:704 out:706 type:b dur:2 cpbdur:2 q:30.57 aq:23.28 tex:7635 mv:2512 misc:733 imb:24 pmb:191 smb:3385 d:- ref:0 ;
in:706 out:707 type:b dur:2 cpbdur:2 q:30.55 aq:27.01 tex:5161 mv:2525 misc:762 imb:11 pmb:217 smb:3372 d:- ref:0 ;
in:711 out:708 type:P dur:2 cpbdur:2 q:30.53 aq:19.97 tex:18442 mv:4566 misc:1208 imb:216 pmb:337 smb:3047 d:- ref:0 ;
in:709 out:709 type:B dur:2 cpbdur:2 q:30.54 aq:21.70 tex:8573 mv:2930 misc:857 imb:27 pmb:234 smb:3339 d:- ref:0 ;
in:708 out:710 type:b dur:2 cpbdur:2 q:30.54 aq:24.96 tex:2901 mv:1538 misc:649 imb:6 pmb:152 smb:3442 d:- ref:0 ;
in:710 out:711 type:b dur:2 cpbdur:2 q:30.54 aq:25.94 tex:3292 mv:1944 misc:596 imb:20 pmb:145 smb:3435 d:- ref:0 ;
in:715 out:712 type:P dur:2 cpbdur:2 q:30.57 aq:17.92 tex:109492 mv:23653 misc:1583 imb:1301 pmb:1980 smb:319 d:- ref:0 ;
in:713 out:713 type:B dur:2 cpbdur:2 q:30.55 aq:21.04 tex:10301 mv:4266 misc:2321 imb:39 pmb:695 smb:2866 d:- ref:0 ;
in:712 out:714 type:b dur:2 cpbdur:2 q:30.54 aq:22.07 tex:3992 mv:1820 misc:756 imb:19 pmb:181 smb:3400 d:- ref:0 ;
in:714 out:715 type:b dur:2 cpbdur:2 q:30.56 aq:22.68 tex:4256 mv:2068 misc:1428 imb:10 pmb:342 smb:3248 d:- ref:0 ;
in:719 out:716 type:P dur:2 cpbdur:2 q:30.55 aq:18.32 tex:22723 mv:5878 misc:2791 imb:223 pmb:730 smb:2647 d:- ref:0 ;
in:717 out:717 type:B dur:2 cpbdur:2 q:30.56 aq:22.11 tex:6984 mv:2619 misc:861 imb:34 pmb:216 smb:3350 d:- ref:0 ;
in:716 out:718 type:b dur:2 cpbdur:2 q:30.56 aq:23.22 tex:3680 mv:1329 misc:535 imb:4 pmb:129 smb:3467 d:- ref:0 ;
in:718 out:719 type:b dur:2 cpbdur:2 q:30.56 aq:23.45 tex:2765 mv:1467 misc:568 imb:11 pmb:143 smb:3446 d:- ref:0 ;
in:723 out:720 type:P dur:2 cpbdur:2 q:30.51 aq:18.74 tex:16719 mv:3794 misc:1775 imb:149 pmb:386 smb:3065 d:- ref:0 ;
in:721 out:721 type:B dur:2 cpbdur:2 q:30.53 aq:22.62 tex:8476 mv:2703 misc:861 imb:22 pmb:232 smb:3346 d:- ref:0 ;
in:720 out:722 type:b dur:2 cpbdur:2 q:30.54 aq:24.33 tex:2967 mv:1538 misc:527 imb:9 pmb:131 smb:3460 d:- ref:0 ;
in:722 out:723 type:b dur:2 cpbdur:2 q:30.52 aq:26.46 tex:2860 mv:1626 misc:562 imb:2 pmb:155 smb:3443 d:- ref:0 ;
in:727 out:724 type:P dur:2 cpbdur:2 q:30.47 aq:18.72 tex:16415 mv:3718 misc:1307 imb:212 pmb:269 smb:3119 d:- ref:0 ;
in:725 out:725 type:B dur:2 cpbdur:2 q:30.49 aq:23.41 tex:7374 mv:2580 misc:766 imb:17 pmb:205 smb:3378 d:- ref:0 ;
in:724 out:726 type:b dur:2 cpbdur:2 q:30.50 aq:25.08 tex:2797 mv:1315 misc:600 imb:4 pmb:141 smb:3455 d:- ref:0 ;
in:726 out:727 type:b dur:2 cpbdur:2 q:30.48 aq:26.92 tex:3333 mv:1414 misc:533 imb:3 pmb:124 smb:3473 d:- ref:0 ;
in:731 out:728 type:P dur:2 cpbdur:2 q:30.43 aq:20.62 tex:19126 mv:4298 misc:1272 imb:225 pmb:284 smb:3091 d:- ref:0 ;
in:729 out:729 type:B dur:2 cpbdur:2 q:30.45 aq:23.36 tex:7747 mv:2741 misc:808 imb:43 pmb:203 smb:3354 d:- ref:0 ;
in:728 out:730 type:b dur:2 cpbdur:2 q:30.46 aq:24.06 tex:3582 mv:1902 misc:668 imb:32 pmb:151 smb:3417 d:- ref:0 ;
in:730 out:731 type:b dur:2 cpbdur:2 q:30.44 aq:25.30 tex:4731 mv:2206 misc:551 imb:18 pmb:152 smb:3430 d:- ref:0 ;
in:735 out:732 type:P dur:2 cpbdur:2 q:30.38 aq:23.37 tex:16633 mv:3459 misc:876 imb:247 pmb:162 smb:3191 d:- ref:0 ;
in:733 out:733 type:B dur:2 cpbdur:2 q:30.41 aq:24.66 tex:10190 mv:3428 misc:654 imb:64 pmb:182 smb:3354 d:- ref:0 ;
in:732 out:734 type:b dur:2 cpbdur:2 q:30.42 aq:25.98 tex:6147 mv:2680 misc:605 imb:34 pmb:164 smb:3402 d:- ref:0 ;
in:734 out:735 type:b dur:2 cpbdur:2 q:30.39 aq:24.96 tex:4903 mv:2005 misc:604 imb:17 pmb:153 smb:3430 d:- ref:0 ;
in:737 out:736 type:P dur:2 cpbdur:2 q:30.35 aq:26.06 tex:8107 mv:2088 misc:653 imb:101 pmb:137 smb:3362 d:- ref:0 ;
in:736 out:737 type:b dur:2 cpbdur:2 q:30.37 aq:30.77 tex:3021 mv:1035 misc:440 imb:3 pmb:95 smb:3502 d:- ref:0 ;
in:738 out:738 type:P dur:2 cpbdur:2 q:30.33 aq:27.66 tex:472308 mv:21723 misc:353 imb:3051 pmb:549 smb:0 d:- ref:0 ;
in:739 out:739 type:I dur:2 cpbdur:2 q:27.59 aq:22.72 tex:321412 mv:90243 misc:569 imb:3600 pmb:0 smb:0 d:- ref:;
in:742 out:740 type:P dur:2 cpbdur:2 q:30.31 aq:28.22 tex:360644 mv:22927 misc:829 imb:2418 pmb:748 smb:434 d:- ref:0 ;
in:740 out:741 type:B dur:2 cpbdur:2 q:30.31 aq:28.09 tex:190289 mv:33516 misc:2155 imb:559 pmb:1846 smb:1195 d:- ref:0 ;
in:741 out:742 type:b dur:2 cpbdur:2 q:30.31 aq:31.00 tex:471521 mv:36746 misc:669 imb:373 pmb:2784 smb:443 d:- ref:0 ;
in:743 out:743 type:i dur:2 cpbdur:2 q:27.56 aq:23.67 tex:335541 mv:97636 misc:239 imb:3600 pmb:0 smb:0 d:- ref:;
in:746 out:744 type:P dur:2 cpbdur:2 q:30.26 aq:25.80 tex:263042 mv:21211 misc:683 imb:2717 pmb:526 smb:357 d:- ref:0 ;
in:744 out:745 type:B dur:2 cpbdur:2 q:30.26 aq:28.32 tex:270609 mv:38484 misc:1715 imb:1163 pmb:1569 smb:868 d:- ref:0 ;
in:745 out:746 type:b dur:2 cpbdur:2 q:30.26 aq:29.39 tex:376633 mv:41088 misc:1271 imb:1045 pmb:1956 smb:599 d:- ref:0 ;
in:747 out:747 type:i dur:2 cpbdur:2 q:27.53 aq:23.57 tex:286793 mv:87764 misc:235 imb:3600 pmb:0 smb:0 d:- ref:;
in:748 out:748 type:P dur:2 cpbdur:2 q:30.22 aq:26.56 tex:308113 mv:23087 misc:904 imb:2709 pmb:599 smb:292 d:- ref:0 ;
in:749 out:749 type:P dur:2 cpbdur:2 q:30.21 aq:28.33 tex:452087 mv:25041 misc:640 imb:2507 pmb:841 smb:252 d:- ref:0 ;
in:750 out:750 type:P dur:2 cpbdur:2 q:30.20 aq:27.37 tex:308736 mv:19689 misc:671 imb:2839 pmb:401 smb:360 d:- ref:0 ;
in:751 out:751 type:P dur:2 cpbdur:2 q:30.19 aq:26.27 tex:279336 mv:21593 misc:775 imb:2603 pmb:573 smb:424 d:- ref:0 ;
in:752 out:752 type:P dur:2 cpbdur:2 q:30.18 aq:26.49 tex:313335 mv:23538 misc:1055 imb:2232 pmb:803 smb:565 d:- ref:0 ;
in:753 out:753 type:P dur:2 cpbdur:2 q:30.17 aq:27.65 tex:429368 mv:24373 misc:843 imb:2089 pmb:962 smb:549 d:- ref:0 ;
in:754 out:754 type:P dur:2 cpbdur:2 q:30.16 aq:25.70 tex:310070 mv:16470 misc:868 imb:2894 pmb:198 smb:508 d:- ref:0 ;
in:755 out:755 type:P dur:2 cpbdur:2 q:30.15 aq:23.09 tex:179454 mv:16498 misc:552 imb:2970 pmb:211 smb:419 d:- ref:0 ;
in:756 out:756 type:P dur:2 cpbdur:2 q:30.14 aq:23.71 tex:150395 mv:15530 misc:1187 imb:1927 pmb:426 smb:1247 d:- ref:0 ;
in:757 out:757 type:P dur:2 cpbdur:2 q:30.13 aq:24.22 tex:261333 mv:20356 misc:1023 imb:2345 pmb:697 smb:558 d:- ref:0 ;
in:758 out:758 type:P dur:2 cpbdur:2 q:30.11 aq:25.37 tex:236157 mv:17835 misc:648 imb:2891 pmb:349 smb:360 d:- ref:0 ;
in:759 out:759 type:P dur:2 cpbdur:2 q:30.10 aq:26.13 tex:263437 mv:23289 misc:906 imb:2593 pmb:684 smb:323 d:- ref:0 ;
in:760 out:760 type:P dur:2 cpbdur:2 q:30.14 aq:27.04 tex:311199 mv:25866 misc:943 imb:2486 pmb:862 smb:252 d:- ref:0 ;
in:761 out:761 type:i dur:2 cpbdur:2 q:27.39 aq:24.66 tex:512509 mv:118248 misc:259 imb:3600 pmb:0 smb:0 d:- ref:;
in:762 out:762 type:P dur:2 cpbdur:2 q:30.18 aq:27.18 tex:199250 mv:22896 misc:1590 imb:1372 pmb:1427 smb:801 d:- ref:0 ;
in:763 out:763 type:P dur:2 cpbdur:2 q:30.36 aq:26.49 tex:273170 mv:20654 misc:488 imb:3184 pmb:369 smb:47 d:- ref:0 ;
in:764 out:764 type:P dur:2 cpbdur:2 q:31.04 aq:28.32 tex:252821 mv:25539 misc:1032 imb:2533 pmb:840 smb:227 d:- ref:0 ;
in:765 out:765 type:P dur:2 cpbdur:2 q:31.31 aq:29.90 tex:392283 mv:26729 misc:548 imb:2645 pmb:906 smb:49 d:- ref:0 ;
in:766 out:766 type:P dur:2 cpbdur:2 q:31.68 aq:27.90 tex:245770 mv:20243 misc:659 imb:3096 pmb:367 smb:137 d:- ref:0 ;
in:767 out:767 type:P dur:2 cpbdur:2 q:32.08 aq:27.19 tex:186051 mv:20581 misc:1000 imb:2707 pmb:512 smb:381 d:- ref:0 ;
in:768 out:768 type:P dur:2 cpbdur:2 q:32.53 aq:28.84 tex:190978 mv:20379 misc:1355 imb:2038 pmb:698 smb:864 d:- ref:0 ;
in:769 out:769 type:P dur:2 cpbdur:2 q:32.70 aq:30.39 tex:229258 mv:22438 misc:1312 imb:1825 pmb:1035 smb:740 d:- ref:0 ;
in:770 out:770 type:P dur:2 cpbdur:2 q:32.96 aq:28.14 tex:157122 mv:18203 misc:1059 imb:2635 pmb:422 smb:543 d:- ref:0 ;
in:771 out:771 type:I dur:2 cpbdur:2 q:27.93 aq:21.45 tex:209354 mv:67216 misc:606 imb:3600 pmb:0 smb:0 d:- ref:;
in:775 out:772 type:P dur:2 cpbdur:2 q:33.54 aq:29.63 tex:200635 mv:20189 misc:776 imb:2966 pmb:460 smb:174 d:- ref:0 ;
in:773 out:773 type:B dur:2 cpbdur:2 q:33.54 aq:28.49 tex:120332 mv:30380 misc:2400 imb:1355 pmb:1239 smb:1006 d:- ref:0 ;
in:772 out:774 type:b dur:2 cpbdur:2 q:33.54 aq:30.14 tex:90533 mv:26211 misc:2536 imb:747 pmb:1434 smb:1419 d:- ref:0 ;
in:774 out:775 type:b dur:2 cpbdur:2 q:33.54 aq:31.70 tex:167466 mv:29030 misc:2272 imb:864 pmb:1863 smb:873 d:- ref:0 ;
in:777 out:776 type:P dur:2 cpbdur:2 q:34.45 aq:29.73 tex:167191 mv:21314 misc:743 imb:2876 pmb:519 smb:205 d:- ref:0 ;
in:776 out:777 type:b dur:2 cpbdur:2 q:33.99 aq:32.12 tex:107722 mv:29294 misc:2464 imb:965 pmb:1555 smb:1080 d:- ref:0 ;
in:778 out:778 type:P dur:2 cpbdur:2 q:34.73 aq:32.98 tex:212208 mv:21489 misc:1327 imb:2169 pmb:878 smb:553 d:- ref:0 ;
in:779 out:779 type:i dur:2 cpbdur:2 q:28.87 aq:23.58 tex:213594 mv:74172 misc:250 imb:3600 pmb:0 smb:0 d:- ref:;
in:782 out:780 type:P dur:2 cpbdur:2 q:35.12 aq:29.55 tex:112238 mv:17160 misc:1098 imb:2699 pmb:377 smb:524 d:- ref:0 ;
in:780 out:781 type:B dur:2 cpbdur:2 q:35.12 aq:31.60 tex:102507 mv:26866 misc:2339 imb:1099 pmb:1190 smb:1311 d:- ref:0 ;
in:781 out:782 type:b dur:2 cpbdur:2 q:35.12 aq:32.23 tex:86201 mv:24643 misc:2444 imb:902 pmb:1184 smb:1514 d:- ref:0 ;
in:783 out:783 type:i dur:2 cpbdur:2 q:29.34 aq:22.69 tex:244154 mv:59785 misc:213 imb:3600 pmb:0 smb:0 d:- ref:;
in:784 out:784 type:P dur:2 cpbdur:2 q:35.59 aq:30.51 tex:77988 mv:13838 misc:1894 imb:1493 pmb:540 smb:1567 d:- ref:0 ;
in:785 out:785 type:P dur:2 cpbdur:2 q:35.63 aq:28.64 tex:86507 mv:14459 misc:1594 imb:2121 pmb:291 smb:1188 d:- ref:0 ;
in:786 out:786 type:P dur:2 cpbdur:2 q:35.67 aq:25.12 tex:25429 mv:9173 misc:302 imb:3595 pmb:5 smb:0 d:- ref:0 ;
in:787 out:787 type:P dur:2 cpbdur:2 q:35.74 aq:28.28 tex:16063 mv:11424 misc:1697 imb:1292 pmb:379 smb:1929 d:- ref:0 ;
in:788 out:788 type:P dur:2 cpbdur:2 q:35.77 aq:28.42 tex:15277 mv:9104 misc:1731 imb:1244 pmb:277 smb:2079 d:- ref:0 ;
in:789 out:789 type:P dur:2 cpbdur:2 q:35.78 aq:29.06 tex:13489 mv:9124 misc:1755 imb:1072 pmb:296 smb:2232 d:- ref:0 ;
in:790 out:790 type:P dur:2 cpbdur:2 q:35.79 aq:28.76 tex:15482 mv:9000 misc:1830 imb:1330 pmb:249 smb:2021 d:- ref:0 ;
in:791 out:791 type:P dur:2 cpbdur:2 q:35.81 aq:29.44 tex:14998 mv:9918 misc:2044 imb:1268 pmb:294 smb:2038 d:- ref:0 ;
in:792 out:792 type:P dur:2 cpbdur:2 q:35.81 aq:29.86 tex:16628 mv:10386 misc:1978 imb:1352 pmb:309 smb:1939 d:- ref:0 ;
in:793 out:793 type:P dur:2 cpbdur:2 q:35.82 aq:29.40 tex:16495 mv:11735 misc:1890 imb:1363 pmb:358 smb:1879 d:- ref:0 ;
in:794 out:794 type:P dur:2 cpbdur:2 q:35.83 aq:29.25 tex:18930 mv:12266 misc:1876 imb:1685 pmb:341 smb:1574 d:- ref:0 ;
in:795 out:795 type:P dur:2 cpbdur:2 q:35.81 aq:29.83 tex:19554 mv:12693 misc:2097 imb:1668 pmb:347 smb:1585 d:- ref:0 ;
in:796 out:796 type:P dur:2 cpbdur:2 q:35.77 aq:28.95 tex:20652 mv:13555 misc:2233 imb:1762 pmb:397 smb:1441 d:- ref:0 ;
in:797 out:797 type:P dur:2 cpbdur:2 q:35.78 aq:29.88 tex:21432 mv:13033 misc:2039 imb:1681 pmb:384 smb:1535 d:- ref:0 ;
in:798 out:798 type:P dur:2 cpbdur:2 q:35.79 aq:30.17 tex:24738 mv:13320 misc:1654 imb:1980 pmb:310 smb:1310 d:- ref:0 ;
in:799 out:799 type:P dur:2 cpbdur:2 q:35.78 aq:30.79 tex:23870 mv:14066 misc:1936 imb:1830 pmb:378 smb:1392 d:- ref:0 ;
in:800 out:800 type:P dur:2 cpbdur:2 q:35.84 aq:30.91 tex:24825 mv:14891 misc:1876 imb:1950 pmb:393 smb:1257 d:- ref:0 ;
in:801 out:801 type:P dur:2 cpbdur:2 q:35.86 aq:30.91 tex:24946 mv:14325 misc:1905 imb:1883 pmb:414 smb:1303 d:- ref:0 ;
in:802 out:802 type:P dur:2 cpbdur:2 q:35.87 aq:31.43 tex:29197 mv:15536 misc:1611 imb:2064 pmb:422 smb:1114 d:- ref:0 ;
in:803 out:803 type:P dur:2 cpbdur:2 q:35.88 aq:32.27 tex:29001 mv:15214 misc:1657 imb:1891 pmb:462 smb:1247 d:- ref:0 ;
in:804 out:804 type:P dur:2 cpbdur:2 q:35.87 aq:31.92 tex:30712 mv:17020 misc:1668 imb:1925 pmb:562 smb:1113 d:- ref:0 ;
in:805 out:805 type:P dur:2 cpbdur:2 q:35.91 aq:32.38 tex:32221 mv:16944 misc:1715 imb:1827 pmb:562 smb:1211 d:- ref:0 ;
in:806 out:806 type:P dur:2 cpbdur:2 q:35.91 aq:32.30 tex:36982 mv:18897 misc:1633 imb:2020 pmb:567 smb:1013 d:- ref:0 ;
in:807 out:807 type:P dur:2 cpbdur:2 q:35.92 aq:32.98 tex:33700 mv:17789 misc:1695 imb:1845 pmb:621 smb:1134 d:- ref:0 ;
in:808 out:808 type:P dur:2 cpbdur:2 q:35.90 aq:32.96 tex:39195 mv:21030 misc:1543 imb:2178 pmb:659 smb:763 d:- ref:0 ;
in:809 out:809 type:P dur:2 cpbdur:2 q:35.88 aq:33.04 tex:26101 mv:18353 misc:2514 imb:1402 pmb:858 smb:1340 d:- ref:0 ;
in:810 out:810 type:P dur:2 cpbdur:2 q:35.84 aq:32.29 tex:39773 mv:22306 misc:1361 imb:2363 pmb:752 smb:485 d:- ref:0 ;
in:811 out:811 type:P dur:2 cpbdur:2 q:35.80 aq:32.57 tex:33994 mv:21811 misc:1795 imb:2043 pmb:796 smb:761 d:- ref:0 ;
in:812 out:812 type:P dur:2 cpbdur:2 q:35.76 aq:32.42 tex:33864 mv:22085 misc:1739 imb:2188 pmb:774 smb:638 d:- ref:0 ;
in:813 out:813 type:P dur:2 cpbdur:2 q:35.72 aq:32.09 tex:33673 mv:21331 misc:1836 imb:2111 pmb:796 smb:693 d:- ref:0 ;
in:814 out:814 type:P dur:2 cpbdur:2 q:35.68 aq:31.82 tex:35648 mv:20437 misc:1635 imb:2379 pmb:677 smb:544 d:- ref:0 ;
in:815 out:815 type:P dur:2 cpbdur:2 q:35.64 aq:31.32 tex:31510 mv:20137 misc:2001 imb:2133 pmb:686 smb:781 d:- ref:0 ;
in:816 out:816 type:P dur:2 cpbdur:2 q:35.61 aq:31.13 tex:31955 mv:20315 misc:2010 imb:2039 pmb:717 smb:844 d:- ref:0 ;
in:817 out:817 type:P dur:2 cpbdur:2 q:35.57 aq:31.01 tex:32148 mv:19398 misc:2030 imb:2002 pmb:712 smb:886 d:- ref:0 ;
in:818 out:818 type:P dur:2 cpbdur:2 q:35.54 aq:30.86 tex:35418 mv:19805 misc:1545 imb:2225 pmb:656 smb:719 d:- ref:0 ;
in:819 out:819 type:P dur:2 cpbdur:2 q:35.50 aq:31.19 tex:22140 mv:17765 misc:2495 imb:1360 pmb:830 smb:1410 d:- ref:0 ;
in:820 out:820 type:P dur:2 cpbdur:2 q:35.47 aq:29.95 tex:32080 mv:16967 misc:1521 imb:2456 pmb:475 smb:669 d:- ref:0 ;
in:821 out:821 type:P dur:2 cpbdur:2 q:35.44 aq:29.72 tex:28587 mv:18046 misc:1855 imb:2119 pmb:606 smb:875 d:- ref:0 ;
in:822 out:822 type:P dur:2 cpbdur:2 q:35.41 aq:30.15 tex:30053 mv:18883 misc:1920 imb:1920 pmb:703 smb:977 d:- ref:0 ;
in:823 out:823 type:P dur:2 cpbdur:2 q:35.38 aq:31.00 tex:36780 mv:20716 misc:1656 imb:2170 pmb:732 smb:698 d:- ref:0 ;
in:824 out:824 type:I dur:2 cpbdur:2 q:32.32 aq:28.03 tex:56389 mv:43095 misc:468 imb:3600 pmb:0 smb:0 d:- ref:;
in:825 out:825 type:P dur:2 cpbdur:2 q:35.35 aq:31.21 tex:30637 mv:21066 misc:2337 imb:1321 pmb:987 smb:1292 d:- ref:0 ;
in:827 out:826 type:P dur:2 cpbdur:2 q:35.33 aq:31.68 tex:47715 mv:21237 misc:1200 imb:2531 pmb:670 smb:399 d:- ref:0 ;
in:826 out:827 type:b dur:2 cpbdur:2 q:35.34 aq:32.09 tex:30396 mv:28214 misc:2878 imb:1207 pmb:1229 smb:1164 d:- ref:0 ;
in:828 out:828 type:P dur:2 cpbdur:2 q:35.33 aq:30.85 tex:41079 mv:20012 misc:1405 imb:2568 pmb:604 smb:428 d:- ref:0 ;
in:830 out:829 type:P dur:2 cpbdur:2 q:35.32 aq:31.11 tex:49738 mv:19430 misc:1440 imb:2308 pmb:570 smb:722 d:- ref:0 ;
in:829 out:830 type:b dur:2 cpbdur:2 q:35.33 aq:30.68 tex:29722 mv:27595 misc:2747 imb:1288 pmb:1134 smb:1178 d:- ref:0 ;
in:831 out:831 type:P dur:2 cpbdur:2 q:35.36 aq:32.25 tex:53617 mv:23633 misc:1446 imb:2095 pmb:871 smb:634 d:- ref:0 ;
in:832 out:832 type:P dur:2 cpbdur:2 q:35.38 aq:32.72 tex:61315 mv:25876 misc:1409 imb:2185 pmb:1003 smb:412 d:- ref:0 ;
in:833 out:833 type:P dur:2 cpbdur:2 q:35.40 aq:32.63 tex:58215 mv:27893 misc:1684 imb:1677 pmb:1239 smb:684 d:- ref:0 ;
in:834 out:834 type:P dur:2 cpbdur:2 q:35.43 aq:33.53 tex:59698 mv:30816 misc:1590 imb:1695 pmb:1406 smb:499 d:- ref:0 ;
in:836 out:835 type:P dur:2 cpbdur:2 q:35.47 aq:33.61 tex:102247 mv:30901 misc:804 imb:2386 pmb:1059 smb:155 d:- ref:0 ;
in:835 out:836 type:b dur:2 cpbdur:2 q:35.45 aq:33.79 tex:54245 mv:40240 misc:2267 imb:1152 pmb:1807 smb:641 d:- ref:0 ;
in:837 out:837 type:P dur:2 cpbdur:2 q:35.55 aq:34.02 tex:56802 mv:30625 misc:2221 imb:1132 pmb:1681 smb:787 d:- ref:0 ;
in:838 out:838 type:i dur:2 cpbdur:2 q:32.40 aq:31.20 tex:134562 mv:68771 misc:267 imb:3600 pmb:0 smb:0 d:- ref:;
in:839 out:839 type:P dur:2 cpbdur:2 q:35.66 aq:35.18 tex:92170 mv:33035 misc:1371 imb:1715 pmb:1553 smb:332 d:- ref:0 ;
in:840 out:840 type:i dur:2 cpbdur:2 q:32.42 aq:23.14 tex:95119 mv:41706 misc:231 imb:3600 pmb:0 smb:0 d:- ref:;
in:844 out:841 type:P dur:2 cpbdur:2 q:35.75 aq:28.55 tex:19072 mv:10823 misc:1841 imb:1364 pmb:552 smb:1684 d:- ref:0 ;
in:842 out:842 type:B dur:2 cpbdur:2 q:35.75 aq:28.50 tex:5106 mv:9403 misc:1955 imb:659 pmb:411 smb:2530 d:- ref:0 ;
in:841 out:843 type:b dur:2 cpbdur:2 q:35.75 aq:27.57 tex:2137 mv:5032 misc:1735 imb:269 pmb:292 smb:3039 d:- ref:0 ;
in:843 out:844 type:b dur:2 cpbdur:2 q:35.75 aq:30.41 tex:2240 mv:6037 misc:1763 imb:334 pmb:291 smb:2975 d:- ref:0 ;
in:848 out:845 type:P dur:2 cpbdur:2 q:35.80 aq:27.63 tex:20299 mv:12311 misc:1718 imb:1469 pmb:629 smb:1502 d:- ref:0 ;
in:846 out:846 type:B dur:2 cpbdur:2 q:35.78 aq:30.12 tex:8492 mv:11070 misc:2278 imb:612 pmb:543 smb:2445 d:- ref:0 ;
in:845 out:847 type:b dur:2 cpbdur:2 q:35.76 aq:29.64 tex:3711 mv:7700 misc:2133 imb:370 pmb:408 smb:2822 d:- ref:0 ;
in:847 out:848 type:b dur:2 cpbdur:2 q:35.79 aq:29.78 tex:2953 mv:7331 misc:2052 imb:340 pmb:397 smb:2863 d:- ref:0 ;
in:852 out:849 type:P dur:2 cpbdur:2 q:35.82 aq:28.11 tex:16974 mv:10812 misc:1822 imb:1490 pmb:558 smb:1552 d:- ref:0 ;
in:850 out:850 type:B dur:2 cpbdur:2 q:35.81 aq:27.07 tex:6033 mv:10649 misc:2398 imb:729 pmb:466 smb:2405 d:- ref:0 ;
in:849 out:851 type:b dur:2 cpbdur:2 q:35.80 aq:29.71 tex:2990 mv:6957 misc:1957 imb:411 pmb:363 smb:2826 d:- ref:0 ;
in:851 out:852 type:b dur:2 cpbdur:2 q:35.81 aq:28.63 tex:2750 mv:5502 misc:1788 imb:302 pmb:252 smb:3046 d:- ref:0 ;
in:854 out:853 type:P dur:2 cpbdur:2 q:35.79 aq:27.97 tex:19626 mv:10919 misc:2183 imb:1231 pmb:615 smb:1754 d:- ref:0 ;
in:853 out:854 type:b dur:2 cpbdur:2 q:35.80 aq:30.65 tex:3036 mv:5750 misc:1718 imb:325 pmb:277 smb:2998 d:- ref:0 ;
in:857 out:855 type:P dur:2 cpbdur:2 q:35.78 aq:28.36 tex:19797 mv:11420 misc:1975 imb:1484 pmb:566 smb:1550 d:- ref:0 ;
in:855 out:856 type:B dur:2 cpbdur:2 q:35.79 aq:31.37 tex:10444 mv:10072 misc:2052 imb:557 pmb:446 smb:2597 d:- ref:0 ;
in:856 out:857 type:b dur:2 cpbdur:2 q:35.78 aq:31.05 tex:5123 mv:8394 misc:2179 imb:324 pmb:460 smb:2816 d:- ref:0 ;
in:859 out:858 type:P dur:2 cpbdur:2 q:35.78 aq:28.77 tex:22931 mv:12155 misc:2042 imb:1269 pmb:606 smb:1725 d:- ref:0 ;
in:858 out:859 type:b dur:2 cpbdur:2 q:35.78 aq:31.18 tex:4065 mv:7630 misc:1985 imb:370 pmb:365 smb:2865 d:- ref:0 ;
in:861 out:860 type:P dur:2 cpbdur:2 q:35.78 aq:28.87 tex:17083 mv:10690 misc:1979 imb:1187 pmb:605 smb:1808 d:- ref:0 ;
in:860 out:861 type:b dur:2 cpbdur:2 q:35.78 aq:31.67 tex:6123 mv:9300 misc:2089 imb:546 pmb:430 smb:2624 d:- ref:0 ;
in:865 out:862 type:P dur:2 cpbdur:2 q:35.77 aq:28.84 tex:26680 mv:12779 misc:1653 imb:1617 pmb:570 smb:1413 d:- ref:0 ;
in:863 out:863 type:B dur:2 cpbdur:2 q:35.77 aq:28.50 tex:13822 mv:13006 misc:2380 imb:752 pmb:621 smb:2227 d:- ref:0 ;
in:862 out:864 type:b dur:2 cpbdur:2 q:35.77 aq:31.61 tex:5737 mv:9049 misc:2254 imb:384 pmb:513 smb:2703 d:- ref:0 ;
in:864 out:865 type:b dur:2 cpbdur:2 q:35.77 aq:30.17 tex:4565 mv:7488 misc:2139 imb:269 pmb:469 smb:2862 d:- ref:0 ;
in:866 out:866 type:P dur:2 cpbdur:2 q:35.61 aq:28.67 tex:23198 mv:11676 misc:2278 imb:1057 pmb:665 smb:1878 d:- ref:0 ;
in:870 out:867 type:P dur:2 cpbdur:2 q:35.58 aq:28.62 tex:29239 mv:13218 misc:1743 imb:1554 pmb:685 smb:1361 d:- ref:0 ;
in:868 out:868 type:B dur:2 cpbdur:2 q:35.59 aq:29.66 tex:10501 mv:12270 misc:2469 imb:703 pmb:603 smb:2294 d:- ref:0 ;
in:867 out:869 type:b dur:2 cpbdur:2 q:35.60 aq:31.88 tex:4208 mv:7882 misc:2126 imb:348 pmb:451 smb:2801 d:- ref:0 ;
in:869 out:870 type:b dur:2 cpbdur:2 q:35.59 aq:32.61 tex:6487 mv:7562 misc:1959 imb:348 pmb:405 smb:2847 d:- ref:0 ;
in:872 out:871 type:P dur:2 cpbdur:2 q:35.36 aq:28.00 tex:27361 mv:11892 misc:2139 imb:1345 pmb:633 smb:1622 d:- ref:0 ;
in:871 out:872 type:b dur:2 cpbdur:2 q:35.47 aq:31.21 tex:6209 mv:9469 misc:2330 imb:440 pmb:496 smb:2664 d:- ref:0 ;
in:874 out:873 type:P dur:2 cpbdur:2 q:35.24 aq:28.24 tex:27434 mv:13331 misc:2075 imb:1405 pmb:711 smb:1484 d:- ref:0 ;
in:873 out:874 type:b dur:2 cpbdur:2 q:35.30 aq:29.88 tex:4779 mv:10001 misc:2340 imb:517 pmb:489 smb:2594 d:- ref:0 ;
in:878 out:875 type:P dur:2 cpbdur:2 q:35.15 aq:28.07 tex:28073 mv:12800 misc:1951 imb:1446 pmb:664 smb:1490 d:- ref:0 ;
in:876 out:876 type:B dur:2 cpbdur:2 q:35.20 aq:28.92 tex:8667 mv:12101 misc:2472 imb:567 pmb:605 smb:2428 d:- ref:0 ;
in:875 out:877 type:b dur:2 cpbdur:2 q:35.22 aq:29.07 tex:3731 mv:9002 misc:2507 imb:377 pmb:561 smb:2662 d:- ref:0 ;
in:877 out:878 type:b dur:2 cpbdur:2 q:35.17 aq:29.88 tex:4422 mv:8024 misc:2314 imb:312 pmb:482 smb:2806 d:- ref:0 ;
in:882 out:879 type:P dur:2 cpbdur:2 q:34.95 aq:27.62 tex:22095 mv:12305 misc:1944 imb:1444 pmb:628 smb:1528 d:- ref:0 ;
in:880 out:880 type:B dur:2 cpbdur:2 q:35.05 aq:28.23 tex:9329 mv:12316 misc:2731 imb:596 pmb:648 smb:2356 d:- ref:0 ;
in:879 out:881 type:b dur:2 cpbdur:2 q:35.10 aq:29.86 tex:3411 mv:7074 misc:2131 imb:363 pmb:386 smb:2851 d:- ref:0 ;
in:881 out:882 type:b dur:2 cpbdur:2 q:35.00 aq:30.54 tex:3587 mv:7629 misc:2032 imb:349 pmb:391 smb:2860 d:- ref:0 ;
in:886 out:883 type:P dur:2 cpbdur:2 q:34.76 aq:28.14 tex:24271 mv:13193 misc:1992 imb:1403 pmb:656 smb:1541 d:- ref:0 ;
in:884 out:884 type:B dur:2 cpbdur:2 q:34.85 aq:29.52 tex:12057 mv:12905 misc:2486 imb:615 pmb:676 smb:2309 d:- ref:0 ;
in:883 out:885 type:b dur:2 cpbdur:2 q:34.90 aq:30.10 tex:4183 mv:7804 misc:2061 imb:305 pmb:481 smb:2814 d:- ref:0 ;
in:885 out:886 type:b dur:2 cpbdur:2 q:34.81 aq:28.53 tex:4426 mv:8206 misc:2200 imb:288 pmb:484 smb:2828 d:- ref:0 ;
in:890 out:887 type:P dur:2 cpbdur:2 q:34.54 aq:29.70 tex:18571 mv:11672 misc:1893 imb:1389 pmb:474 smb:1737 d:- ref:0 ;
in:888 out:888 type:B dur:2 cpbdur:2 q:34.65 aq:28.97 tex:8918 mv:13676 misc:2838 imb:559 pmb:761 smb:2280 d:- ref:0 ;
in:887 out:889 type:b dur:2 cpbdur:2 q:34.70 aq:28.80 tex:4524 mv:9309 misc:2455 imb:283 pmb:604 smb:2713 d:- ref:0 ;
in:889 out:890 type:b dur:2 cpbdur:2 q:34.59 aq:30.15 tex:4456 mv:8964 misc:2420 imb:262 pmb:599 smb:2739 d:- ref:0 ;
